funcname,empid,id,status,amount,goal
SubmitApplication,User_1,Application_259183799,A_Create Application,5000.0,Home improvement
SubmitApplication,User_1,Application_259183799,A_Submitted,5000.0,Home improvement
A_Concept,User_1,Application_259183799,A_Concept
A_Accepted,User_89,Application_259183799,A_Accepted
A_Complete,User_89,Application_259183799,A_Complete
A_Cancelled,User_1,Application_259183799,A_Cancelled
SubmitApplication,User_1,Application_2081147987,A_Create Application,20000.0,Home improvement
SubmitApplication,User_1,Application_2081147987,A_Submitted,20000.0,Home improvement
A_Concept,User_1,Application_2081147987,A_Concept
A_Accepted,User_17,Application_2081147987,A_Accepted
A_Complete,User_17,Application_2081147987,A_Complete
A_Validating,User_117,Application_2081147987,A_Validating
A_Denied,User_75,Application_2081147987,A_Denied
SubmitApplication,User_1,Application_1282765506,A_Create Application,6500.0,Car
SubmitApplication,User_1,Application_1282765506,A_Submitted,6500.0,Car
A_Concept,User_1,Application_1282765506,A_Concept
A_Accepted,User_4,Application_1282765506,A_Accepted
A_Complete,User_4,Application_1282765506,A_Complete
A_Validating,User_113,Application_1282765506,A_Validating
A_Incomplete,User_9,Application_1282765506,A_Incomplete
A_Validating,User_119,Application_1282765506,A_Validating
A_Incomplete,User_101,Application_1282765506,A_Incomplete
A_Validating,User_118,Application_1282765506,A_Validating
A_Incomplete,User_100,Application_1282765506,A_Incomplete
A_Pending,User_90,Application_1282765506,A_Pending
SubmitApplication,User_1,Application_259143826,A_Create Application,15000.0,Car
SubmitApplication,User_1,Application_259143826,A_Submitted,15000.0,Car
A_Concept,User_1,Application_259143826,A_Concept
A_Accepted,User_49,Application_259143826,A_Accepted
A_Complete,User_49,Application_259143826,A_Complete
A_Validating,User_113,Application_259143826,A_Validating
A_Incomplete,User_102,Application_259143826,A_Incomplete
A_Cancelled,User_10,Application_259143826,A_Cancelled
SubmitApplication,User_1,Application_1462703151,A_Create Application,5000.0,Car
SubmitApplication,User_1,Application_1462703151,A_Submitted,5000.0,Car
A_Concept,User_1,Application_1462703151,A_Concept
A_Accepted,User_71,Application_1462703151,A_Accepted
A_Complete,User_71,Application_1462703151,A_Complete
A_Validating,User_112,Application_1462703151,A_Validating
A_Denied,User_87,Application_1462703151,A_Denied
SubmitApplication,User_1,Application_1905015342,A_Create Application,7500.0,Home improvement
SubmitApplication,User_1,Application_1905015342,A_Submitted,7500.0,Home improvement
A_Concept,User_1,Application_1905015342,A_Concept
A_Accepted,User_108,Application_1905015342,A_Accepted
A_Complete,User_108,Application_1905015342,A_Complete
A_Validating,User_30,Application_1905015342,A_Validating
A_Denied,User_30,Application_1905015342,A_Denied
SubmitApplication,User_1,Application_1841789315,A_Create Application,5000.0,Car
SubmitApplication,User_1,Application_1841789315,A_Submitted,5000.0,Car
A_Concept,User_1,Application_1841789315,A_Concept
A_Accepted,User_18,Application_1841789315,A_Accepted
A_Complete,User_18,Application_1841789315,A_Complete
A_Validating,User_113,Application_1841789315,A_Validating
A_Incomplete,User_99,Application_1841789315,A_Incomplete
A_Validating,User_116,Application_1841789315,A_Validating
A_Incomplete,User_95,Application_1841789315,A_Incomplete
A_Validating,User_18,Application_1841789315,A_Validating
A_Pending,User_118,Application_1841789315,A_Pending
SubmitApplication,User_1,Application_2072694343,A_Create Application,16000.0,Home improvement
SubmitApplication,User_1,Application_2072694343,A_Submitted,16000.0,Home improvement
A_Concept,User_1,Application_2072694343,A_Concept
A_Accepted,User_71,Application_2072694343,A_Accepted
A_Complete,User_4,Application_2072694343,A_Complete
A_Validating,User_118,Application_2072694343,A_Validating
A_Incomplete,User_102,Application_2072694343,A_Incomplete
A_Validating,User_118,Application_2072694343,A_Validating
A_Incomplete,User_100,Application_2072694343,A_Incomplete
A_Pending,User_118,Application_2072694343,A_Pending
SubmitApplication,User_1,Application_1316947913,A_Create Application,40000.0,"Other, see explanation"
SubmitApplication,User_1,Application_1316947913,A_Submitted,40000.0,"Other, see explanation"
A_Concept,User_1,Application_1316947913,A_Concept
A_Accepted,User_17,Application_1316947913,A_Accepted
A_Complete,User_17,Application_1316947913,A_Complete
A_Cancelled,User_1,Application_1316947913,A_Cancelled
SubmitApplication,User_1,Application_1282768200,A_Create Application,5000.0,Home improvement
SubmitApplication,User_1,Application_1282768200,A_Submitted,5000.0,Home improvement
A_Concept,User_6,Application_1282768200,A_Concept
A_Accepted,User_4,Application_1282768200,A_Accepted
A_Complete,User_4,Application_1282768200,A_Complete
A_Validating,User_116,Application_1282768200,A_Validating
A_Incomplete,User_68,Application_1282768200,A_Incomplete
A_Validating,User_116,Application_1282768200,A_Validating
A_Pending,User_68,Application_1282768200,A_Pending
SubmitApplication,User_1,Application_1848603655,A_Create Application,6300.0,Car
SubmitApplication,User_1,Application_1848603655,A_Submitted,6300.0,Car
A_Concept,User_1,Application_1848603655,A_Concept
A_Accepted,User_44,Application_1848603655,A_Accepted
A_Complete,User_44,Application_1848603655,A_Complete
A_Cancelled,User_1,Application_1848603655,A_Cancelled
SubmitApplication,User_1,Application_2065677935,A_Create Application,50000.0,Home improvement
SubmitApplication,User_1,Application_2065677935,A_Submitted,50000.0,Home improvement
A_Concept,User_1,Application_2065677935,A_Concept
A_Accepted,User_5,Application_2065677935,A_Accepted
A_Complete,User_5,Application_2065677935,A_Complete
A_Validating,User_118,Application_2065677935,A_Validating
A_Incomplete,User_29,Application_2065677935,A_Incomplete
A_Validating,User_118,Application_2065677935,A_Validating
A_Pending,User_29,Application_2065677935,A_Pending
SubmitApplication,User_1,Application_775833032,A_Create Application,15000.0,Tax payments
SubmitApplication,User_1,Application_775833032,A_Submitted,15000.0,Tax payments
A_Concept,User_1,Application_775833032,A_Concept
A_Accepted,User_49,Application_775833032,A_Accepted
A_Complete,User_49,Application_775833032,A_Complete
A_Validating,User_119,Application_775833032,A_Validating
A_Incomplete,User_29,Application_775833032,A_Incomplete
A_Validating,User_118,Application_775833032,A_Validating
A_Pending,User_29,Application_775833032,A_Pending
SubmitApplication,User_27,Application_1719274647,A_Create Application,18000.0,"Other, see explanation"
A_Concept,User_27,Application_1719274647,A_Concept
A_Accepted,User_27,Application_1719274647,A_Accepted
A_Complete,User_27,Application_1719274647,A_Complete
A_Validating,User_113,Application_1719274647,A_Validating
A_Incomplete,User_95,Application_1719274647,A_Incomplete
A_Validating,User_2,Application_1719274647,A_Validating
A_Pending,User_95,Application_1719274647,A_Pending
SubmitApplication,User_1,Application_1863611182,A_Create Application,30000.0,Home improvement
SubmitApplication,User_1,Application_1863611182,A_Submitted,30000.0,Home improvement
A_Concept,User_1,Application_1863611182,A_Concept
A_Accepted,User_37,Application_1863611182,A_Accepted
A_Complete,User_18,Application_1863611182,A_Complete
A_Cancelled,User_1,Application_1863611182,A_Cancelled
SubmitApplication,User_1,Application_1600150028,A_Create Application,20000.0,Home improvement
SubmitApplication,User_1,Application_1600150028,A_Submitted,20000.0,Home improvement
A_Concept,User_1,Application_1600150028,A_Concept
A_Accepted,User_25,Application_1600150028,A_Accepted
A_Complete,User_25,Application_1600150028,A_Complete
A_Validating,User_116,Application_1600150028,A_Validating
A_Denied,User_95,Application_1600150028,A_Denied
SubmitApplication,User_1,Application_1292397670,A_Create Application,26000.0,Existing loan takeover
SubmitApplication,User_1,Application_1292397670,A_Submitted,26000.0,Existing loan takeover
A_Concept,User_1,Application_1292397670,A_Concept
A_Accepted,User_31,Application_1292397670,A_Accepted
A_Complete,User_31,Application_1292397670,A_Complete
A_Validating,User_114,Application_1292397670,A_Validating
A_Incomplete,User_30,Application_1292397670,A_Incomplete
A_Validating,User_114,Application_1292397670,A_Validating
A_Incomplete,User_30,Application_1292397670,A_Incomplete
A_Validating,User_41,Application_1292397670,A_Validating
A_Pending,User_112,Application_1292397670,A_Pending
SubmitApplication,User_1,Application_2081911804,A_Create Application,15000.0,Car
SubmitApplication,User_1,Application_2081911804,A_Submitted,15000.0,Car
A_Concept,User_6,Application_2081911804,A_Concept
A_Accepted,User_17,Application_2081911804,A_Accepted
A_Complete,User_17,Application_2081911804,A_Complete
A_Cancelled,User_1,Application_2081911804,A_Cancelled
SubmitApplication,User_1,Application_335096189,A_Create Application,5000.0,Extra spending limit
SubmitApplication,User_1,Application_335096189,A_Submitted,5000.0,Extra spending limit
A_Concept,User_1,Application_335096189,A_Concept
A_Accepted,User_9,Application_335096189,A_Accepted
A_Complete,User_9,Application_335096189,A_Complete
A_Validating,User_114,Application_335096189,A_Validating
A_Incomplete,User_87,Application_335096189,A_Incomplete
A_Pending,User_68,Application_335096189,A_Pending
SubmitApplication,User_1,Application_111540759,A_Create Application,10000.0,Car
SubmitApplication,User_1,Application_111540759,A_Submitted,10000.0,Car
A_Concept,User_1,Application_111540759,A_Concept
A_Accepted,User_5,Application_111540759,A_Accepted
A_Complete,User_5,Application_111540759,A_Complete
A_Cancelled,User_4,Application_111540759,A_Cancelled
SubmitApplication,User_1,Application_524429786,A_Create Application,15000.0,Home improvement
SubmitApplication,User_1,Application_524429786,A_Submitted,15000.0,Home improvement
A_Concept,User_1,Application_524429786,A_Concept
A_Accepted,User_12,Application_524429786,A_Accepted
A_Complete,User_12,Application_524429786,A_Complete
A_Validating,User_118,Application_524429786,A_Validating
A_Denied,User_68,Application_524429786,A_Denied
SubmitApplication,User_1,Application_1355798622,A_Create Application,15000.0,Existing loan takeover
SubmitApplication,User_1,Application_1355798622,A_Submitted,15000.0,Existing loan takeover
A_Concept,User_47,Application_1355798622,A_Concept
A_Accepted,User_47,Application_1355798622,A_Accepted
A_Complete,User_49,Application_1355798622,A_Complete
A_Cancelled,User_1,Application_1355798622,A_Cancelled
SubmitApplication,User_1,Application_854402455,A_Create Application,40000.0,Not speficied
SubmitApplication,User_1,Application_854402455,A_Submitted,40000.0,Not speficied
A_Concept,User_1,Application_854402455,A_Concept
A_Accepted,User_17,Application_854402455,A_Accepted
A_Complete,User_17,Application_854402455,A_Complete
A_Validating,User_112,Application_854402455,A_Validating
A_Pending,User_99,Application_854402455,A_Pending
SubmitApplication,User_1,Application_1077411737,A_Create Application,10000.0,Home improvement
SubmitApplication,User_1,Application_1077411737,A_Submitted,10000.0,Home improvement
A_Concept,User_1,Application_1077411737,A_Concept
A_Accepted,User_31,Application_1077411737,A_Accepted
A_Complete,User_31,Application_1077411737,A_Complete
A_Validating,User_118,Application_1077411737,A_Validating
A_Incomplete,User_100,Application_1077411737,A_Incomplete
A_Validating,User_116,Application_1077411737,A_Validating
A_Pending,User_115,Application_1077411737,A_Pending
SubmitApplication,User_1,Application_1283783929,A_Create Application,50000.0,Existing loan takeover
SubmitApplication,User_1,Application_1283783929,A_Submitted,50000.0,Existing loan takeover
A_Concept,User_1,Application_1283783929,A_Concept
A_Accepted,User_49,Application_1283783929,A_Accepted
A_Complete,User_49,Application_1283783929,A_Complete
A_Cancelled,User_1,Application_1283783929,A_Cancelled
SubmitApplication,User_1,Application_854178970,A_Create Application,20000.0,Home improvement
SubmitApplication,User_1,Application_854178970,A_Submitted,20000.0,Home improvement
A_Concept,User_1,Application_854178970,A_Concept
A_Accepted,User_44,Application_854178970,A_Accepted
A_Complete,User_44,Application_854178970,A_Complete
A_Validating,User_114,Application_854178970,A_Validating
A_Incomplete,User_90,Application_854178970,A_Incomplete
A_Validating,User_116,Application_854178970,A_Validating
A_Incomplete,User_90,Application_854178970,A_Incomplete
A_Validating,User_118,Application_854178970,A_Validating
A_Incomplete,User_102,Application_854178970,A_Incomplete
A_Pending,User_113,Application_854178970,A_Pending
SubmitApplication,User_21,Application_1507218840,A_Create Application,16000.0,Car
A_Concept,User_21,Application_1507218840,A_Concept
A_Accepted,User_21,Application_1507218840,A_Accepted
A_Complete,User_21,Application_1507218840,A_Complete
A_Validating,User_119,Application_1507218840,A_Validating
A_Pending,User_115,Application_1507218840,A_Pending
SubmitApplication,User_1,Application_543915014,A_Create Application,35000.0,Home improvement
SubmitApplication,User_1,Application_543915014,A_Submitted,35000.0,Home improvement
A_Concept,User_1,Application_543915014,A_Concept
A_Accepted,User_4,Application_543915014,A_Accepted
A_Complete,User_4,Application_543915014,A_Complete
A_Validating,User_113,Application_543915014,A_Validating
A_Incomplete,User_68,Application_543915014,A_Incomplete
A_Validating,User_118,Application_543915014,A_Validating
A_Incomplete,User_68,Application_543915014,A_Incomplete
A_Pending,User_109,Application_543915014,A_Pending
SubmitApplication,User_1,Application_1940130892,A_Create Application,50000.0,Home improvement
SubmitApplication,User_1,Application_1940130892,A_Submitted,50000.0,Home improvement
A_Concept,User_1,Application_1940130892,A_Concept
A_Accepted,User_25,Application_1940130892,A_Accepted
A_Complete,User_25,Application_1940130892,A_Complete
A_Validating,User_120,Application_1940130892,A_Validating
A_Pending,User_75,Application_1940130892,A_Pending
SubmitApplication,User_21,Application_2139889803,A_Create Application,0.0,Unknown
A_Concept,User_21,Application_2139889803,A_Concept
A_Accepted,User_21,Application_2139889803,A_Accepted
A_Complete,User_21,Application_2139889803,A_Complete
A_Validating,User_127,Application_2139889803,A_Validating
A_Incomplete,User_102,Application_2139889803,A_Incomplete
A_Validating,User_118,Application_2139889803,A_Validating
A_Pending,User_118,Application_2139889803,A_Pending
SubmitApplication,User_47,Application_918578724,A_Create Application,21000.0,Car
A_Concept,User_47,Application_918578724,A_Concept
A_Accepted,User_47,Application_918578724,A_Accepted
A_Complete,User_47,Application_918578724,A_Complete
A_Validating,User_127,Application_918578724,A_Validating
A_Incomplete,User_100,Application_918578724,A_Incomplete
A_Validating,User_117,Application_918578724,A_Validating
A_Incomplete,User_90,Application_918578724,A_Incomplete
A_Validating,User_95,Application_918578724,A_Validating
A_Pending,User_95,Application_918578724,A_Pending
SubmitApplication,User_21,Application_843590096,A_Create Application,10000.0,Car
A_Concept,User_21,Application_843590096,A_Concept
A_Accepted,User_21,Application_843590096,A_Accepted
A_Complete,User_21,Application_843590096,A_Complete
A_Validating,User_112,Application_843590096,A_Validating
A_Pending,User_29,Application_843590096,A_Pending
SubmitApplication,User_6,Application_220286199,A_Create Application,15000.0,Home improvement
A_Concept,User_6,Application_220286199,A_Concept
A_Accepted,User_6,Application_220286199,A_Accepted
A_Complete,User_6,Application_220286199,A_Complete
A_Validating,User_113,Application_220286199,A_Validating
A_Pending,User_115,Application_220286199,A_Pending
SubmitApplication,User_1,Application_5240566,A_Create Application,35000.0,"Other, see explanation"
SubmitApplication,User_1,Application_5240566,A_Submitted,35000.0,"Other, see explanation"
A_Concept,User_25,Application_5240566,A_Concept
A_Accepted,User_38,Application_5240566,A_Accepted
A_Complete,User_38,Application_5240566,A_Complete
A_Validating,User_117,Application_5240566,A_Validating
A_Denied,User_68,Application_5240566,A_Denied
SubmitApplication,User_21,Application_919767326,A_Create Application,0.0,Unknown
A_Concept,User_21,Application_919767326,A_Concept
A_Accepted,User_21,Application_919767326,A_Accepted
A_Complete,User_21,Application_919767326,A_Complete
A_Validating,User_116,Application_919767326,A_Validating
A_Incomplete,User_100,Application_919767326,A_Incomplete
A_Validating,User_113,Application_919767326,A_Validating
A_Incomplete,User_100,Application_919767326,A_Incomplete
A_Validating,User_38,Application_919767326,A_Validating
A_Pending,User_118,Application_919767326,A_Pending
SubmitApplication,User_27,Application_123754331,A_Create Application,5000.0,Existing loan takeover
A_Concept,User_27,Application_123754331,A_Concept
A_Accepted,User_27,Application_123754331,A_Accepted
A_Complete,User_27,Application_123754331,A_Complete
A_Validating,User_114,Application_123754331,A_Validating
A_Incomplete,User_101,Application_123754331,A_Incomplete
A_Validating,User_47,Application_123754331,A_Validating
A_Pending,User_115,Application_123754331,A_Pending
SubmitApplication,User_1,Application_1368129455,A_Create Application,14000.0,Home improvement
SubmitApplication,User_1,Application_1368129455,A_Submitted,14000.0,Home improvement
A_Concept,User_1,Application_1368129455,A_Concept
A_Accepted,User_49,Application_1368129455,A_Accepted
A_Complete,User_49,Application_1368129455,A_Complete
A_Validating,User_114,Application_1368129455,A_Validating
A_Incomplete,User_99,Application_1368129455,A_Incomplete
A_Validating,User_21,Application_1368129455,A_Validating
A_Pending,User_99,Application_1368129455,A_Pending
SubmitApplication,User_31,Application_2063334713,A_Create Application,7000.0,Existing loan takeover
A_Concept,User_31,Application_2063334713,A_Concept
A_Accepted,User_31,Application_2063334713,A_Accepted
A_Complete,User_31,Application_2063334713,A_Complete
A_Validating,User_113,Application_2063334713,A_Validating
A_Incomplete,User_100,Application_2063334713,A_Incomplete
A_Validating,User_117,Application_2063334713,A_Validating
A_Incomplete,User_100,Application_2063334713,A_Incomplete
A_Validating,User_120,Application_2063334713,A_Validating
A_Incomplete,User_90,Application_2063334713,A_Incomplete
A_Validating,User_116,Application_2063334713,A_Validating
A_Incomplete,User_90,Application_2063334713,A_Incomplete
A_Validating,User_118,Application_2063334713,A_Validating
A_Pending,User_90,Application_2063334713,A_Pending
SubmitApplication,User_89,Application_402170266,A_Create Application,0.0,Unknown
A_Concept,User_89,Application_402170266,A_Concept
A_Accepted,User_89,Application_402170266,A_Accepted
A_Complete,User_89,Application_402170266,A_Complete
A_Cancelled,User_1,Application_402170266,A_Cancelled
SubmitApplication,User_6,Application_339079436,A_Create Application,10000.0,Existing loan takeover
A_Concept,User_6,Application_339079436,A_Concept
A_Accepted,User_6,Application_339079436,A_Accepted
A_Complete,User_6,Application_339079436,A_Complete
A_Validating,User_117,Application_339079436,A_Validating
A_Pending,User_30,Application_339079436,A_Pending
SubmitApplication,User_31,Application_1296151288,A_Create Application,0.0,Unknown
A_Concept,User_31,Application_1296151288,A_Concept
A_Accepted,User_31,Application_1296151288,A_Accepted
A_Complete,User_31,Application_1296151288,A_Complete
A_Validating,User_116,Application_1296151288,A_Validating
A_Incomplete,User_99,Application_1296151288,A_Incomplete
A_Validating,User_112,Application_1296151288,A_Validating
A_Incomplete,User_99,Application_1296151288,A_Incomplete
A_Validating,User_114,Application_1296151288,A_Validating
A_Pending,User_99,Application_1296151288,A_Pending
SubmitApplication,User_1,Application_1476922534,A_Create Application,6000.0,Car
SubmitApplication,User_1,Application_1476922534,A_Submitted,6000.0,Car
A_Concept,User_1,Application_1476922534,A_Concept
A_Accepted,User_38,Application_1476922534,A_Accepted
A_Complete,User_38,Application_1476922534,A_Complete
A_Validating,User_116,Application_1476922534,A_Validating
A_Incomplete,User_100,Application_1476922534,A_Incomplete
A_Validating,User_116,Application_1476922534,A_Validating
A_Incomplete,User_100,Application_1476922534,A_Incomplete
A_Pending,User_99,Application_1476922534,A_Pending
SubmitApplication,User_27,Application_2144860637,A_Create Application,5000.0,Existing loan takeover
A_Concept,User_27,Application_2144860637,A_Concept
A_Accepted,User_27,Application_2144860637,A_Accepted
A_Complete,User_27,Application_2144860637,A_Complete
A_Validating,User_113,Application_2144860637,A_Validating
A_Incomplete,User_102,Application_2144860637,A_Incomplete
A_Validating,User_114,Application_2144860637,A_Validating
A_Incomplete,User_114,Application_2144860637,A_Incomplete
A_Validating,User_117,Application_2144860637,A_Validating
A_Pending,User_114,Application_2144860637,A_Pending
SubmitApplication,User_89,Application_1089454,A_Create Application,0.0,Unknown
A_Concept,User_89,Application_1089454,A_Concept
A_Accepted,User_89,Application_1089454,A_Accepted
A_Complete,User_89,Application_1089454,A_Complete
A_Validating,User_116,Application_1089454,A_Validating
A_Incomplete,User_100,Application_1089454,A_Incomplete
A_Validating,User_113,Application_1089454,A_Validating
A_Incomplete,User_100,Application_1089454,A_Incomplete
A_Validating,User_116,Application_1089454,A_Validating
A_Incomplete,User_90,Application_1089454,A_Incomplete
A_Validating,User_120,Application_1089454,A_Validating
A_Pending,User_90,Application_1089454,A_Pending
SubmitApplication,User_1,Application_1938300690,A_Create Application,45000.0,Home improvement
SubmitApplication,User_1,Application_1938300690,A_Submitted,45000.0,Home improvement
A_Concept,User_1,Application_1938300690,A_Concept
A_Accepted,User_52,Application_1938300690,A_Accepted
A_Complete,User_52,Application_1938300690,A_Complete
A_Validating,User_114,Application_1938300690,A_Validating
A_Denied,User_99,Application_1938300690,A_Denied
SubmitApplication,User_1,Application_2032309445,A_Create Application,6000.0,Home improvement
SubmitApplication,User_1,Application_2032309445,A_Submitted,6000.0,Home improvement
A_Concept,User_1,Application_2032309445,A_Concept
A_Accepted,User_85,Application_2032309445,A_Accepted
A_Complete,User_85,Application_2032309445,A_Complete
A_Validating,User_113,Application_2032309445,A_Validating
A_Incomplete,User_30,Application_2032309445,A_Incomplete
A_Validating,User_114,Application_2032309445,A_Validating
A_Incomplete,User_95,Application_2032309445,A_Incomplete
A_Pending,User_118,Application_2032309445,A_Pending
SubmitApplication,User_4,Application_385432676,A_Create Application,0.0,Home improvement
A_Concept,User_4,Application_385432676,A_Concept
A_Accepted,User_4,Application_385432676,A_Accepted
A_Complete,User_4,Application_385432676,A_Complete
A_Validating,User_113,Application_385432676,A_Validating
A_Incomplete,User_99,Application_385432676,A_Incomplete
A_Validating,User_13,Application_385432676,A_Validating
A_Incomplete,User_99,Application_385432676,A_Incomplete
A_Cancelled,User_36,Application_385432676,A_Cancelled
SubmitApplication,User_1,Application_1926826475,A_Create Application,20000.0,Tax payments
SubmitApplication,User_1,Application_1926826475,A_Submitted,20000.0,Tax payments
A_Concept,User_31,Application_1926826475,A_Concept
A_Accepted,User_41,Application_1926826475,A_Accepted
A_Complete,User_41,Application_1926826475,A_Complete
A_Validating,User_34,Application_1926826475,A_Validating
A_Incomplete,User_34,Application_1926826475,A_Incomplete
A_Cancelled,User_34,Application_1926826475,A_Cancelled
SubmitApplication,User_5,Application_1274270315,A_Create Application,16500.0,Car
A_Concept,User_5,Application_1274270315,A_Concept
A_Accepted,User_5,Application_1274270315,A_Accepted
A_Complete,User_10,Application_1274270315,A_Complete
A_Validating,User_117,Application_1274270315,A_Validating
A_Incomplete,User_115,Application_1274270315,A_Incomplete
A_Validating,User_120,Application_1274270315,A_Validating
A_Pending,User_90,Application_1274270315,A_Pending
SubmitApplication,User_5,Application_1692006952,A_Create Application,29000.0,Home improvement
A_Concept,User_5,Application_1692006952,A_Concept
A_Accepted,User_10,Application_1692006952,A_Accepted
A_Complete,User_10,Application_1692006952,A_Complete
A_Validating,User_113,Application_1692006952,A_Validating
A_Incomplete,User_29,Application_1692006952,A_Incomplete
A_Validating,User_116,Application_1692006952,A_Validating
A_Pending,User_29,Application_1692006952,A_Pending
SubmitApplication,User_27,Application_769217696,A_Create Application,29000.0,Home improvement
A_Concept,User_27,Application_769217696,A_Concept
A_Accepted,User_27,Application_769217696,A_Accepted
A_Complete,User_27,Application_769217696,A_Complete
A_Validating,User_127,Application_769217696,A_Validating
A_Incomplete,User_87,Application_769217696,A_Incomplete
A_Pending,User_30,Application_769217696,A_Pending
SubmitApplication,User_5,Application_994471234,A_Create Application,0.0,Home improvement
A_Concept,User_5,Application_994471234,A_Concept
A_Accepted,User_4,Application_994471234,A_Accepted
A_Complete,User_4,Application_994471234,A_Complete
A_Validating,User_117,Application_994471234,A_Validating
A_Pending,User_29,Application_994471234,A_Pending
SubmitApplication,User_5,Application_1902262189,A_Create Application,19000.0,Unknown
A_Concept,User_5,Application_1902262189,A_Concept
A_Accepted,User_5,Application_1902262189,A_Accepted
A_Complete,User_5,Application_1902262189,A_Complete
A_Validating,User_117,Application_1902262189,A_Validating
A_Incomplete,User_95,Application_1902262189,A_Incomplete
A_Validating,User_2,Application_1902262189,A_Validating
A_Pending,User_95,Application_1902262189,A_Pending
SubmitApplication,User_1,Application_1562990453,A_Create Application,5000.0,Home improvement
SubmitApplication,User_1,Application_1562990453,A_Submitted,5000.0,Home improvement
A_Concept,User_1,Application_1562990453,A_Concept
A_Accepted,User_21,Application_1562990453,A_Accepted
A_Complete,User_21,Application_1562990453,A_Complete
A_Validating,User_119,Application_1562990453,A_Validating
A_Pending,User_29,Application_1562990453,A_Pending
SubmitApplication,User_27,Application_1468021532,A_Create Application,15000.0,Unknown
A_Concept,User_27,Application_1468021532,A_Concept
A_Accepted,User_27,Application_1468021532,A_Accepted
A_Complete,User_27,Application_1468021532,A_Complete
A_Validating,User_118,Application_1468021532,A_Validating
A_Incomplete,User_29,Application_1468021532,A_Incomplete
A_Validating,User_114,Application_1468021532,A_Validating
A_Denied,User_29,Application_1468021532,A_Denied
SubmitApplication,User_1,Application_1152306667,A_Create Application,10000.0,"Other, see explanation"
SubmitApplication,User_1,Application_1152306667,A_Submitted,10000.0,"Other, see explanation"
A_Concept,User_1,Application_1152306667,A_Concept
A_Accepted,User_12,Application_1152306667,A_Accepted
A_Complete,User_12,Application_1152306667,A_Complete
A_Validating,User_117,Application_1152306667,A_Validating
A_Incomplete,User_100,Application_1152306667,A_Incomplete
A_Validating,User_2,Application_1152306667,A_Validating
A_Pending,User_95,Application_1152306667,A_Pending
SubmitApplication,User_1,Application_584603030,A_Create Application,23000.0,Existing loan takeover
SubmitApplication,User_1,Application_584603030,A_Submitted,23000.0,Existing loan takeover
A_Concept,User_2,Application_584603030,A_Concept
A_Accepted,User_11,Application_584603030,A_Accepted
A_Complete,User_11,Application_584603030,A_Complete
A_Validating,User_112,Application_584603030,A_Validating
A_Denied,User_29,Application_584603030,A_Denied
SubmitApplication,User_1,Application_1903580067,A_Create Application,5000.0,Home improvement
SubmitApplication,User_1,Application_1903580067,A_Submitted,5000.0,Home improvement
A_Concept,User_1,Application_1903580067,A_Concept
A_Accepted,User_17,Application_1903580067,A_Accepted
A_Complete,User_17,Application_1903580067,A_Complete
A_Validating,User_112,Application_1903580067,A_Validating
A_Incomplete,User_100,Application_1903580067,A_Incomplete
A_Validating,User_28,Application_1903580067,A_Validating
A_Denied,User_100,Application_1903580067,A_Denied
SubmitApplication,User_1,Application_2033211562,A_Create Application,6000.0,Car
SubmitApplication,User_1,Application_2033211562,A_Submitted,6000.0,Car
A_Concept,User_1,Application_2033211562,A_Concept
A_Accepted,User_43,Application_2033211562,A_Accepted
A_Complete,User_43,Application_2033211562,A_Complete
A_Validating,User_116,Application_2033211562,A_Validating
A_Incomplete,User_101,Application_2033211562,A_Incomplete
A_Pending,User_119,Application_2033211562,A_Pending
SubmitApplication,User_1,Application_838952120,A_Create Application,12500.0,Car
SubmitApplication,User_1,Application_838952120,A_Submitted,12500.0,Car
A_Concept,User_2,Application_838952120,A_Concept
A_Accepted,User_8,Application_838952120,A_Accepted
A_Complete,User_8,Application_838952120,A_Complete
A_Validating,User_113,Application_838952120,A_Validating
A_Incomplete,User_30,Application_838952120,A_Incomplete
A_Pending,User_118,Application_838952120,A_Pending
SubmitApplication,User_24,Application_243155734,A_Create Application,15000.0,Car
A_Concept,User_24,Application_243155734,A_Concept
A_Accepted,User_24,Application_243155734,A_Accepted
A_Complete,User_24,Application_243155734,A_Complete
A_Validating,User_127,Application_243155734,A_Validating
A_Incomplete,User_100,Application_243155734,A_Incomplete
A_Pending,User_112,Application_243155734,A_Pending
SubmitApplication,User_31,Application_63970219,A_Create Application,10000.0,"Other, see explanation"
A_Concept,User_31,Application_63970219,A_Concept
A_Accepted,User_31,Application_63970219,A_Accepted
A_Complete,User_31,Application_63970219,A_Complete
A_Validating,User_113,Application_63970219,A_Validating
A_Incomplete,User_68,Application_63970219,A_Incomplete
A_Pending,User_113,Application_63970219,A_Pending
SubmitApplication,User_1,Application_346329864,A_Create Application,10000.0,Home improvement
SubmitApplication,User_1,Application_346329864,A_Submitted,10000.0,Home improvement
A_Concept,User_2,Application_346329864,A_Concept
A_Accepted,User_24,Application_346329864,A_Accepted
A_Complete,User_24,Application_346329864,A_Complete
A_Validating,User_119,Application_346329864,A_Validating
A_Incomplete,User_119,Application_346329864,A_Incomplete
A_Validating,User_119,Application_346329864,A_Validating
A_Incomplete,User_87,Application_346329864,A_Incomplete
A_Validating,User_114,Application_346329864,A_Validating
A_Pending,User_87,Application_346329864,A_Pending
SubmitApplication,User_4,Application_1779355171,A_Create Application,0.0,Home improvement
A_Concept,User_4,Application_1779355171,A_Concept
A_Accepted,User_4,Application_1779355171,A_Accepted
A_Complete,User_4,Application_1779355171,A_Complete
A_Validating,User_119,Application_1779355171,A_Validating
A_Incomplete,User_68,Application_1779355171,A_Incomplete
A_Validating,User_113,Application_1779355171,A_Validating
A_Pending,User_68,Application_1779355171,A_Pending
SubmitApplication,User_1,Application_1436618564,A_Create Application,15500.0,Existing loan takeover
SubmitApplication,User_1,Application_1436618564,A_Submitted,15500.0,Existing loan takeover
A_Concept,User_1,Application_1436618564,A_Concept
A_Accepted,User_38,Application_1436618564,A_Accepted
A_Complete,User_38,Application_1436618564,A_Complete
A_Cancelled,User_20,Application_1436618564,A_Cancelled
SubmitApplication,User_89,Application_1060570579,A_Create Application,0.0,Unknown
A_Concept,User_89,Application_1060570579,A_Concept
A_Accepted,User_89,Application_1060570579,A_Accepted
A_Complete,User_89,Application_1060570579,A_Complete
A_Cancelled,User_1,Application_1060570579,A_Cancelled
SubmitApplication,User_1,Application_344339957,A_Create Application,5000.0,Car
SubmitApplication,User_1,Application_344339957,A_Submitted,5000.0,Car
A_Concept,User_1,Application_344339957,A_Concept
A_Accepted,User_24,Application_344339957,A_Accepted
A_Complete,User_24,Application_344339957,A_Complete
A_Validating,User_100,Application_344339957,A_Validating
A_Incomplete,User_100,Application_344339957,A_Incomplete
A_Validating,User_114,Application_344339957,A_Validating
A_Pending,User_90,Application_344339957,A_Pending
SubmitApplication,User_89,Application_669100042,A_Create Application,0.0,Unknown
A_Concept,User_89,Application_669100042,A_Concept
A_Accepted,User_89,Application_669100042,A_Accepted
A_Complete,User_89,Application_669100042,A_Complete
A_Validating,User_112,Application_669100042,A_Validating
A_Incomplete,User_95,Application_669100042,A_Incomplete
A_Validating,User_2,Application_669100042,A_Validating
A_Pending,User_29,Application_669100042,A_Pending
SubmitApplication,User_2,Application_1832254057,A_Create Application,50000.0,Car
A_Concept,User_2,Application_1832254057,A_Concept
A_Accepted,User_2,Application_1832254057,A_Accepted
A_Complete,User_2,Application_1832254057,A_Complete
A_Validating,User_119,Application_1832254057,A_Validating
A_Incomplete,User_95,Application_1832254057,A_Incomplete
A_Validating,User_116,Application_1832254057,A_Validating
A_Pending,User_95,Application_1832254057,A_Pending
SubmitApplication,User_1,Application_1719978147,A_Create Application,8000.0,Car
SubmitApplication,User_1,Application_1719978147,A_Submitted,8000.0,Car
A_Concept,User_1,Application_1719978147,A_Concept
A_Accepted,User_43,Application_1719978147,A_Accepted
A_Complete,User_43,Application_1719978147,A_Complete
A_Validating,User_113,Application_1719978147,A_Validating
A_Incomplete,User_100,Application_1719978147,A_Incomplete
A_Pending,User_90,Application_1719978147,A_Pending
SubmitApplication,User_4,Application_637491144,A_Create Application,7500.0,Car
A_Concept,User_4,Application_637491144,A_Concept
A_Accepted,User_4,Application_637491144,A_Accepted
A_Complete,User_4,Application_637491144,A_Complete
A_Cancelled,User_4,Application_637491144,A_Cancelled
SubmitApplication,User_35,Application_768179563,A_Create Application,37000.0,Home improvement
A_Concept,User_35,Application_768179563,A_Concept
A_Accepted,User_35,Application_768179563,A_Accepted
A_Complete,User_108,Application_768179563,A_Complete
A_Cancelled,User_1,Application_768179563,A_Cancelled
SubmitApplication,User_1,Application_316292435,A_Create Application,10000.0,Car
SubmitApplication,User_1,Application_316292435,A_Submitted,10000.0,Car
A_Concept,User_2,Application_316292435,A_Concept
A_Accepted,User_17,Application_316292435,A_Accepted
A_Complete,User_17,Application_316292435,A_Complete
A_Validating,User_118,Application_316292435,A_Validating
A_Denied,User_87,Application_316292435,A_Denied
SubmitApplication,User_37,Application_1833979489,A_Create Application,0.0,Unknown
A_Concept,User_37,Application_1833979489,A_Concept
A_Accepted,User_37,Application_1833979489,A_Accepted
A_Complete,User_50,Application_1833979489,A_Complete
A_Validating,User_113,Application_1833979489,A_Validating
A_Incomplete,User_30,Application_1833979489,A_Incomplete
A_Validating,User_113,Application_1833979489,A_Validating
A_Pending,User_30,Application_1833979489,A_Pending
SubmitApplication,User_1,Application_1386615618,A_Create Application,50000.0,Home improvement
SubmitApplication,User_1,Application_1386615618,A_Submitted,50000.0,Home improvement
A_Concept,User_1,Application_1386615618,A_Concept
A_Accepted,User_47,Application_1386615618,A_Accepted
A_Complete,User_47,Application_1386615618,A_Complete
A_Cancelled,User_41,Application_1386615618,A_Cancelled
SubmitApplication,User_35,Application_224343695,A_Create Application,10000.0,"Other, see explanation"
A_Concept,User_35,Application_224343695,A_Concept
A_Accepted,User_108,Application_224343695,A_Accepted
A_Complete,User_108,Application_224343695,A_Complete
A_Validating,User_116,Application_224343695,A_Validating
A_Incomplete,User_100,Application_224343695,A_Incomplete
A_Validating,User_118,Application_224343695,A_Validating
A_Incomplete,User_100,Application_224343695,A_Incomplete
A_Pending,User_119,Application_224343695,A_Pending
SubmitApplication,User_1,Application_1072003198,A_Create Application,25000.0,Car
SubmitApplication,User_1,Application_1072003198,A_Submitted,25000.0,Car
A_Concept,User_2,Application_1072003198,A_Concept
A_Accepted,User_4,Application_1072003198,A_Accepted
A_Complete,User_4,Application_1072003198,A_Complete
A_Validating,User_120,Application_1072003198,A_Validating
A_Incomplete,User_99,Application_1072003198,A_Incomplete
A_Cancelled,User_24,Application_1072003198,A_Cancelled
SubmitApplication,User_35,Application_368633868,A_Create Application,10000.0,Unknown
A_Concept,User_35,Application_368633868,A_Concept
A_Accepted,User_35,Application_368633868,A_Accepted
A_Complete,User_35,Application_368633868,A_Complete
A_Validating,User_3,Application_368633868,A_Validating
A_Incomplete,User_3,Application_368633868,A_Incomplete
A_Validating,User_118,Application_368633868,A_Validating
A_Pending,User_29,Application_368633868,A_Pending
SubmitApplication,User_1,Application_1493542155,A_Create Application,35000.0,Existing loan takeover
SubmitApplication,User_1,Application_1493542155,A_Submitted,35000.0,Existing loan takeover
A_Concept,User_1,Application_1493542155,A_Concept
A_Accepted,User_17,Application_1493542155,A_Accepted
A_Complete,User_17,Application_1493542155,A_Complete
A_Cancelled,User_1,Application_1493542155,A_Cancelled
SubmitApplication,User_1,Application_1708364219,A_Create Application,15000.0,Home improvement
SubmitApplication,User_1,Application_1708364219,A_Submitted,15000.0,Home improvement
A_Concept,User_1,Application_1708364219,A_Concept
A_Accepted,User_10,Application_1708364219,A_Accepted
A_Complete,User_10,Application_1708364219,A_Complete
A_Validating,User_119,Application_1708364219,A_Validating
A_Pending,User_115,Application_1708364219,A_Pending
SubmitApplication,User_89,Application_1506426720,A_Create Application,0.0,Unknown
A_Concept,User_89,Application_1506426720,A_Concept
A_Accepted,User_89,Application_1506426720,A_Accepted
A_Complete,User_89,Application_1506426720,A_Complete
A_Validating,User_114,Application_1506426720,A_Validating
A_Pending,User_115,Application_1506426720,A_Pending
SubmitApplication,User_1,Application_208148111,A_Create Application,15000.0,Existing loan takeover
SubmitApplication,User_1,Application_208148111,A_Submitted,15000.0,Existing loan takeover
A_Concept,User_1,Application_208148111,A_Concept
A_Accepted,User_44,Application_208148111,A_Accepted
A_Complete,User_44,Application_208148111,A_Complete
A_Cancelled,User_1,Application_208148111,A_Cancelled
SubmitApplication,User_1,Application_953392572,A_Create Application,35000.0,Existing loan takeover
SubmitApplication,User_1,Application_953392572,A_Submitted,35000.0,Existing loan takeover
A_Concept,User_1,Application_953392572,A_Concept
A_Accepted,User_10,Application_953392572,A_Accepted
A_Complete,User_10,Application_953392572,A_Complete
A_Validating,User_114,Application_953392572,A_Validating
A_Denied,User_29,Application_953392572,A_Denied
SubmitApplication,User_1,Application_1616900126,A_Create Application,37500.0,Home improvement
SubmitApplication,User_1,Application_1616900126,A_Submitted,37500.0,Home improvement
A_Concept,User_1,Application_1616900126,A_Concept
A_Accepted,User_6,Application_1616900126,A_Accepted
A_Complete,User_6,Application_1616900126,A_Complete
A_Validating,User_117,Application_1616900126,A_Validating
A_Incomplete,User_101,Application_1616900126,A_Incomplete
A_Validating,User_119,Application_1616900126,A_Validating
A_Incomplete,User_101,Application_1616900126,A_Incomplete
A_Validating,User_118,Application_1616900126,A_Validating
A_Pending,User_29,Application_1616900126,A_Pending
SubmitApplication,User_1,Application_7078377,A_Create Application,10000.0,Home improvement
SubmitApplication,User_1,Application_7078377,A_Submitted,10000.0,Home improvement
A_Concept,User_1,Application_7078377,A_Concept
A_Accepted,User_27,Application_7078377,A_Accepted
A_Complete,User_27,Application_7078377,A_Complete
A_Validating,User_120,Application_7078377,A_Validating
A_Pending,User_115,Application_7078377,A_Pending
SubmitApplication,User_1,Application_1191743894,A_Create Application,15000.0,Car
SubmitApplication,User_1,Application_1191743894,A_Submitted,15000.0,Car
A_Concept,User_1,Application_1191743894,A_Concept
A_Accepted,User_2,Application_1191743894,A_Accepted
A_Complete,User_2,Application_1191743894,A_Complete
A_Validating,User_113,Application_1191743894,A_Validating
A_Incomplete,User_99,Application_1191743894,A_Incomplete
A_Validating,User_112,Application_1191743894,A_Validating
A_Pending,User_99,Application_1191743894,A_Pending
SubmitApplication,User_1,Application_570561205,A_Create Application,7500.0,Home improvement
SubmitApplication,User_1,Application_570561205,A_Submitted,7500.0,Home improvement
A_Concept,User_1,Application_570561205,A_Concept
A_Accepted,User_44,Application_570561205,A_Accepted
A_Complete,User_44,Application_570561205,A_Complete
A_Validating,User_114,Application_570561205,A_Validating
A_Incomplete,User_87,Application_570561205,A_Incomplete
A_Pending,User_68,Application_570561205,A_Pending
SubmitApplication,User_1,Application_1221068482,A_Create Application,5000.0,Car
SubmitApplication,User_1,Application_1221068482,A_Submitted,5000.0,Car
A_Concept,User_1,Application_1221068482,A_Concept
A_Accepted,User_37,Application_1221068482,A_Accepted
A_Complete,User_37,Application_1221068482,A_Complete
A_Validating,User_117,Application_1221068482,A_Validating
A_Incomplete,User_30,Application_1221068482,A_Incomplete
A_Validating,User_117,Application_1221068482,A_Validating
A_Denied,User_95,Application_1221068482,A_Denied
SubmitApplication,User_1,Application_1004293292,A_Create Application,14000.0,Car
SubmitApplication,User_1,Application_1004293292,A_Submitted,14000.0,Car
A_Concept,User_1,Application_1004293292,A_Concept
A_Accepted,User_21,Application_1004293292,A_Accepted
A_Complete,User_12,Application_1004293292,A_Complete
A_Validating,User_119,Application_1004293292,A_Validating
A_Pending,User_29,Application_1004293292,A_Pending
SubmitApplication,User_1,Application_662386389,A_Create Application,6000.0,Tax payments
SubmitApplication,User_1,Application_662386389,A_Submitted,6000.0,Tax payments
A_Concept,User_1,Application_662386389,A_Concept
A_Accepted,User_27,Application_662386389,A_Accepted
A_Complete,User_27,Application_662386389,A_Complete
A_Cancelled,User_27,Application_662386389,A_Cancelled
SubmitApplication,User_1,Application_119348284,A_Create Application,7000.0,Car
SubmitApplication,User_1,Application_119348284,A_Submitted,7000.0,Car
A_Concept,User_2,Application_119348284,A_Concept
A_Accepted,User_27,Application_119348284,A_Accepted
A_Complete,User_27,Application_119348284,A_Complete
A_Validating,User_116,Application_119348284,A_Validating
A_Pending,User_87,Application_119348284,A_Pending
SubmitApplication,User_1,Application_1238272674,A_Create Application,8000.0,Existing loan takeover
SubmitApplication,User_1,Application_1238272674,A_Submitted,8000.0,Existing loan takeover
A_Concept,User_2,Application_1238272674,A_Concept
A_Accepted,User_4,Application_1238272674,A_Accepted
A_Complete,User_4,Application_1238272674,A_Complete
A_Validating,User_112,Application_1238272674,A_Validating
A_Incomplete,User_112,Application_1238272674,A_Incomplete
A_Validating,User_117,Application_1238272674,A_Validating
A_Incomplete,User_99,Application_1238272674,A_Incomplete
A_Validating,User_27,Application_1238272674,A_Validating
A_Incomplete,User_99,Application_1238272674,A_Incomplete
A_Validating,User_114,Application_1238272674,A_Validating
A_Pending,User_99,Application_1238272674,A_Pending
SubmitApplication,User_1,Application_888479862,A_Create Application,14000.0,"Other, see explanation"
SubmitApplication,User_1,Application_888479862,A_Submitted,14000.0,"Other, see explanation"
A_Concept,User_1,Application_888479862,A_Concept
A_Accepted,User_24,Application_888479862,A_Accepted
A_Complete,User_24,Application_888479862,A_Complete
A_Validating,User_119,Application_888479862,A_Validating
A_Pending,User_87,Application_888479862,A_Pending
SubmitApplication,User_1,Application_1277569989,A_Create Application,19000.0,Car
SubmitApplication,User_1,Application_1277569989,A_Submitted,19000.0,Car
A_Concept,User_1,Application_1277569989,A_Concept
A_Accepted,User_24,Application_1277569989,A_Accepted
A_Complete,User_24,Application_1277569989,A_Complete
A_Cancelled,User_1,Application_1277569989,A_Cancelled
SubmitApplication,User_1,Application_408645375,A_Create Application,5000.0,Car
SubmitApplication,User_1,Application_408645375,A_Submitted,5000.0,Car
A_Concept,User_1,Application_408645375,A_Concept
A_Accepted,User_4,Application_408645375,A_Accepted
A_Complete,User_4,Application_408645375,A_Complete
A_Validating,User_113,Application_408645375,A_Validating
A_Incomplete,User_101,Application_408645375,A_Incomplete
A_Validating,User_10,Application_408645375,A_Validating
A_Incomplete,User_90,Application_408645375,A_Incomplete
A_Pending,User_119,Application_408645375,A_Pending
SubmitApplication,User_1,Application_1955246402,A_Create Application,20000.0,Car
SubmitApplication,User_1,Application_1955246402,A_Submitted,20000.0,Car
A_Concept,User_2,Application_1955246402,A_Concept
A_Accepted,User_17,Application_1955246402,A_Accepted
A_Complete,User_17,Application_1955246402,A_Complete
A_Validating,User_114,Application_1955246402,A_Validating
A_Denied,User_95,Application_1955246402,A_Denied
SubmitApplication,User_1,Application_1740302556,A_Create Application,50000.0,Home improvement
SubmitApplication,User_1,Application_1740302556,A_Submitted,50000.0,Home improvement
A_Concept,User_2,Application_1740302556,A_Concept
A_Accepted,User_10,Application_1740302556,A_Accepted
A_Complete,User_10,Application_1740302556,A_Complete
A_Cancelled,User_1,Application_1740302556,A_Cancelled
SubmitApplication,User_1,Application_122336824,A_Create Application,24000.0,Car
SubmitApplication,User_1,Application_122336824,A_Submitted,24000.0,Car
A_Concept,User_2,Application_122336824,A_Concept
A_Accepted,User_9,Application_122336824,A_Accepted
A_Complete,User_49,Application_122336824,A_Complete
A_Cancelled,User_2,Application_122336824,A_Cancelled
SubmitApplication,User_1,Application_505823301,A_Create Application,10000.0,Home improvement
SubmitApplication,User_1,Application_505823301,A_Submitted,10000.0,Home improvement
A_Concept,User_4,Application_505823301,A_Concept
A_Accepted,User_34,Application_505823301,A_Accepted
A_Complete,User_34,Application_505823301,A_Complete
A_Validating,User_114,Application_505823301,A_Validating
A_Denied,User_99,Application_505823301,A_Denied
SubmitApplication,User_1,Application_1688279534,A_Create Application,7000.0,Existing loan takeover
SubmitApplication,User_1,Application_1688279534,A_Submitted,7000.0,Existing loan takeover
A_Concept,User_2,Application_1688279534,A_Concept
A_Accepted,User_71,Application_1688279534,A_Accepted
A_Complete,User_71,Application_1688279534,A_Complete
A_Cancelled,User_4,Application_1688279534,A_Cancelled
SubmitApplication,User_68,Application_1848036697,A_Create Application,250000.0,Unknown
A_Concept,User_68,Application_1848036697,A_Concept
A_Accepted,User_27,Application_1848036697,A_Accepted
A_Complete,User_5,Application_1848036697,A_Complete
A_Validating,User_119,Application_1848036697,A_Validating
A_Incomplete,User_99,Application_1848036697,A_Incomplete
A_Pending,User_113,Application_1848036697,A_Pending
SubmitApplication,User_75,Application_1786874274,A_Create Application,0.0,Unknown
A_Concept,User_75,Application_1786874274,A_Concept
A_Accepted,User_75,Application_1786874274,A_Accepted
A_Complete,User_75,Application_1786874274,A_Complete
A_Validating,User_75,Application_1786874274,A_Validating
A_Pending,User_75,Application_1786874274,A_Pending
SubmitApplication,User_1,Application_1589119859,A_Create Application,30000.0,Remaining debt home
SubmitApplication,User_1,Application_1589119859,A_Submitted,30000.0,Remaining debt home
A_Concept,User_4,Application_1589119859,A_Concept
A_Accepted,User_38,Application_1589119859,A_Accepted
A_Complete,User_38,Application_1589119859,A_Complete
A_Cancelled,User_1,Application_1589119859,A_Cancelled
SubmitApplication,User_1,Application_265587905,A_Create Application,10250.0,"Other, see explanation"
SubmitApplication,User_1,Application_265587905,A_Submitted,10250.0,"Other, see explanation"
A_Concept,User_4,Application_265587905,A_Concept
A_Accepted,User_22,Application_265587905,A_Accepted
A_Complete,User_22,Application_265587905,A_Complete
A_Validating,User_117,Application_265587905,A_Validating
A_Incomplete,User_87,Application_265587905,A_Incomplete
A_Validating,User_34,Application_265587905,A_Validating
A_Pending,User_68,Application_265587905,A_Pending
SubmitApplication,User_1,Application_1624036826,A_Create Application,10000.0,Home improvement
SubmitApplication,User_1,Application_1624036826,A_Submitted,10000.0,Home improvement
A_Concept,User_2,Application_1624036826,A_Concept
A_Accepted,User_12,Application_1624036826,A_Accepted
A_Complete,User_12,Application_1624036826,A_Complete
A_Cancelled,User_1,Application_1624036826,A_Cancelled
SubmitApplication,User_1,Application_1662197696,A_Create Application,5000.0,Home improvement
SubmitApplication,User_1,Application_1662197696,A_Submitted,5000.0,Home improvement
A_Concept,User_4,Application_1662197696,A_Concept
A_Accepted,User_4,Application_1662197696,A_Accepted
A_Complete,User_4,Application_1662197696,A_Complete
A_Validating,User_120,Application_1662197696,A_Validating
A_Pending,User_95,Application_1662197696,A_Pending
SubmitApplication,User_20,Application_1548782450,A_Create Application,26400.0,Existing loan takeover
A_Concept,User_20,Application_1548782450,A_Concept
A_Accepted,User_71,Application_1548782450,A_Accepted
A_Complete,User_4,Application_1548782450,A_Complete
A_Validating,User_114,Application_1548782450,A_Validating
A_Incomplete,User_29,Application_1548782450,A_Incomplete
A_Pending,User_113,Application_1548782450,A_Pending
SubmitApplication,User_8,Application_660784718,A_Create Application,35000.0,Caravan / Camper
A_Concept,User_8,Application_660784718,A_Concept
A_Accepted,User_17,Application_660784718,A_Accepted
A_Complete,User_17,Application_660784718,A_Complete
A_Validating,User_120,Application_660784718,A_Validating
A_Pending,User_68,Application_660784718,A_Pending
SubmitApplication,User_1,Application_234080274,A_Create Application,20000.0,Home improvement
SubmitApplication,User_1,Application_234080274,A_Submitted,20000.0,Home improvement
A_Concept,User_4,Application_234080274,A_Concept
A_Accepted,User_10,Application_234080274,A_Accepted
A_Complete,User_10,Application_234080274,A_Complete
A_Validating,User_114,Application_234080274,A_Validating
A_Incomplete,User_100,Application_234080274,A_Incomplete
A_Validating,User_119,Application_234080274,A_Validating
A_Pending,User_115,Application_234080274,A_Pending
SubmitApplication,User_1,Application_124239405,A_Create Application,16500.0,Car
SubmitApplication,User_1,Application_124239405,A_Submitted,16500.0,Car
A_Concept,User_4,Application_124239405,A_Concept
A_Accepted,User_24,Application_124239405,A_Accepted
A_Complete,User_24,Application_124239405,A_Complete
A_Validating,User_120,Application_124239405,A_Validating
A_Incomplete,User_29,Application_124239405,A_Incomplete
A_Validating,User_116,Application_124239405,A_Validating
A_Pending,User_29,Application_124239405,A_Pending
SubmitApplication,User_6,Application_1859043344,A_Create Application,10000.0,Existing loan takeover
A_Concept,User_6,Application_1859043344,A_Concept
A_Accepted,User_18,Application_1859043344,A_Accepted
A_Complete,User_18,Application_1859043344,A_Complete
A_Validating,User_117,Application_1859043344,A_Validating
A_Incomplete,User_30,Application_1859043344,A_Incomplete
A_Validating,User_116,Application_1859043344,A_Validating
A_Pending,User_30,Application_1859043344,A_Pending
SubmitApplication,User_8,Application_2040345264,A_Create Application,42500.0,Home improvement
A_Concept,User_8,Application_2040345264,A_Concept
A_Accepted,User_43,Application_2040345264,A_Accepted
A_Complete,User_43,Application_2040345264,A_Complete
A_Validating,User_117,Application_2040345264,A_Validating
A_Pending,User_87,Application_2040345264,A_Pending
SubmitApplication,User_8,Application_1661120161,A_Create Application,27500.0,Existing loan takeover
A_Concept,User_8,Application_1661120161,A_Concept
A_Accepted,User_2,Application_1661120161,A_Accepted
A_Complete,User_2,Application_1661120161,A_Complete
A_Validating,User_120,Application_1661120161,A_Validating
A_Pending,User_68,Application_1661120161,A_Pending
SubmitApplication,User_27,Application_855486492,A_Create Application,10000.0,Car
A_Concept,User_27,Application_855486492,A_Concept
A_Accepted,User_27,Application_855486492,A_Accepted
A_Complete,User_10,Application_855486492,A_Complete
A_Validating,User_119,Application_855486492,A_Validating
A_Incomplete,User_75,Application_855486492,A_Incomplete
A_Validating,User_112,Application_855486492,A_Validating
A_Pending,User_75,Application_855486492,A_Pending
SubmitApplication,User_1,Application_1235595897,A_Create Application,7000.0,Car
SubmitApplication,User_1,Application_1235595897,A_Submitted,7000.0,Car
A_Concept,User_4,Application_1235595897,A_Concept
A_Accepted,User_27,Application_1235595897,A_Accepted
A_Complete,User_27,Application_1235595897,A_Complete
A_Cancelled,User_1,Application_1235595897,A_Cancelled
SubmitApplication,User_36,Application_244579239,A_Create Application,0.0,Unknown
A_Concept,User_36,Application_244579239,A_Concept
A_Accepted,User_49,Application_244579239,A_Accepted
A_Complete,User_49,Application_244579239,A_Complete
A_Validating,User_119,Application_244579239,A_Validating
A_Pending,User_99,Application_244579239,A_Pending
SubmitApplication,User_1,Application_1814433442,A_Create Application,6000.0,Car
SubmitApplication,User_1,Application_1814433442,A_Submitted,6000.0,Car
A_Concept,User_18,Application_1814433442,A_Concept
A_Accepted,User_17,Application_1814433442,A_Accepted
A_Complete,User_17,Application_1814433442,A_Complete
A_Validating,User_118,Application_1814433442,A_Validating
A_Incomplete,User_87,Application_1814433442,A_Incomplete
A_Validating,User_113,Application_1814433442,A_Validating
A_Denied,User_87,Application_1814433442,A_Denied
SubmitApplication,User_1,Application_597160934,A_Create Application,12500.0,Existing loan takeover
SubmitApplication,User_1,Application_597160934,A_Submitted,12500.0,Existing loan takeover
A_Concept,User_4,Application_597160934,A_Concept
A_Accepted,User_5,Application_597160934,A_Accepted
A_Complete,User_5,Application_597160934,A_Complete
A_Validating,User_117,Application_597160934,A_Validating
A_Incomplete,User_30,Application_597160934,A_Incomplete
A_Validating,User_118,Application_597160934,A_Validating
A_Denied,User_30,Application_597160934,A_Denied
SubmitApplication,User_6,Application_1976912656,A_Create Application,30000.0,Home improvement
A_Concept,User_6,Application_1976912656,A_Concept
A_Accepted,User_49,Application_1976912656,A_Accepted
A_Complete,User_49,Application_1976912656,A_Complete
A_Cancelled,User_1,Application_1976912656,A_Cancelled
SubmitApplication,User_1,Application_296295477,A_Create Application,32000.0,Existing loan takeover
SubmitApplication,User_1,Application_296295477,A_Submitted,32000.0,Existing loan takeover
A_Concept,User_18,Application_296295477,A_Concept
A_Accepted,User_4,Application_296295477,A_Accepted
A_Complete,User_4,Application_296295477,A_Complete
A_Cancelled,User_1,Application_296295477,A_Cancelled
SubmitApplication,User_1,Application_28217916,A_Create Application,7500.0,Existing loan takeover
SubmitApplication,User_1,Application_28217916,A_Submitted,7500.0,Existing loan takeover
A_Concept,User_18,Application_28217916,A_Concept
A_Accepted,User_37,Application_28217916,A_Accepted
A_Complete,User_37,Application_28217916,A_Complete
A_Cancelled,User_1,Application_28217916,A_Cancelled
SubmitApplication,User_1,Application_275531167,A_Create Application,15000.0,Home improvement
SubmitApplication,User_1,Application_275531167,A_Submitted,15000.0,Home improvement
A_Concept,User_1,Application_275531167,A_Concept
A_Accepted,User_12,Application_275531167,A_Accepted
A_Complete,User_12,Application_275531167,A_Complete
A_Cancelled,User_1,Application_275531167,A_Cancelled
SubmitApplication,User_1,Application_1029986710,A_Create Application,7000.0,Car
SubmitApplication,User_1,Application_1029986710,A_Submitted,7000.0,Car
A_Concept,User_4,Application_1029986710,A_Concept
A_Accepted,User_2,Application_1029986710,A_Accepted
A_Complete,User_2,Application_1029986710,A_Complete
A_Validating,User_117,Application_1029986710,A_Validating
A_Denied,User_87,Application_1029986710,A_Denied
SubmitApplication,User_1,Application_1617180019,A_Create Application,20000.0,"Other, see explanation"
SubmitApplication,User_1,Application_1617180019,A_Submitted,20000.0,"Other, see explanation"
A_Concept,User_1,Application_1617180019,A_Concept
A_Accepted,User_4,Application_1617180019,A_Accepted
A_Complete,User_4,Application_1617180019,A_Complete
A_Validating,User_117,Application_1617180019,A_Validating
A_Incomplete,User_99,Application_1617180019,A_Incomplete
A_Cancelled,User_41,Application_1617180019,A_Cancelled
SubmitApplication,User_28,Application_1832081539,A_Create Application,30000.0,Remaining debt home
A_Concept,User_28,Application_1832081539,A_Concept
A_Accepted,User_28,Application_1832081539,A_Accepted
A_Complete,User_28,Application_1832081539,A_Complete
A_Validating,User_114,Application_1832081539,A_Validating
A_Incomplete,User_99,Application_1832081539,A_Incomplete
A_Validating,User_114,Application_1832081539,A_Validating
A_Incomplete,User_99,Application_1832081539,A_Incomplete
A_Validating,User_114,Application_1832081539,A_Validating
A_Incomplete,User_99,Application_1832081539,A_Incomplete
A_Validating,User_2,Application_1832081539,A_Validating
A_Incomplete,User_99,Application_1832081539,A_Incomplete
A_Validating,User_2,Application_1832081539,A_Validating
A_Pending,User_99,Application_1832081539,A_Pending
SubmitApplication,User_8,Application_1250825577,A_Create Application,6500.0,Extra spending limit
A_Concept,User_8,Application_1250825577,A_Concept
A_Accepted,User_8,Application_1250825577,A_Accepted
A_Complete,User_44,Application_1250825577,A_Complete
A_Validating,User_113,Application_1250825577,A_Validating
A_Pending,User_29,Application_1250825577,A_Pending
SubmitApplication,User_8,Application_1164977817,A_Create Application,12500.0,Car
A_Concept,User_8,Application_1164977817,A_Concept
A_Accepted,User_8,Application_1164977817,A_Accepted
A_Complete,User_27,Application_1164977817,A_Complete
A_Validating,User_116,Application_1164977817,A_Validating
A_Pending,User_95,Application_1164977817,A_Pending
SubmitApplication,User_44,Application_1962066192,A_Create Application,0.0,Unknown
A_Concept,User_44,Application_1962066192,A_Concept
A_Accepted,User_44,Application_1962066192,A_Accepted
A_Complete,User_44,Application_1962066192,A_Complete
A_Validating,User_114,Application_1962066192,A_Validating
A_Incomplete,User_75,Application_1962066192,A_Incomplete
A_Validating,User_119,Application_1962066192,A_Validating
A_Incomplete,User_75,Application_1962066192,A_Incomplete
A_Validating,User_113,Application_1962066192,A_Validating
A_Incomplete,User_75,Application_1962066192,A_Incomplete
A_Pending,User_119,Application_1962066192,A_Pending
SubmitApplication,User_1,Application_1747078975,A_Create Application,17000.0,Existing loan takeover
SubmitApplication,User_1,Application_1747078975,A_Submitted,17000.0,Existing loan takeover
A_Concept,User_4,Application_1747078975,A_Concept
A_Accepted,User_4,Application_1747078975,A_Accepted
A_Complete,User_4,Application_1747078975,A_Complete
A_Validating,User_112,Application_1747078975,A_Validating
A_Incomplete,User_75,Application_1747078975,A_Incomplete
A_Validating,User_114,Application_1747078975,A_Validating
A_Incomplete,User_99,Application_1747078975,A_Incomplete
A_Validating,User_118,Application_1747078975,A_Validating
A_Denied,User_75,Application_1747078975,A_Denied
SubmitApplication,User_9,Application_83337214,A_Create Application,40000.0,Unknown
A_Concept,User_9,Application_83337214,A_Concept
A_Accepted,User_9,Application_83337214,A_Accepted
A_Complete,User_24,Application_83337214,A_Complete
A_Validating,User_112,Application_83337214,A_Validating
A_Incomplete,User_87,Application_83337214,A_Incomplete
A_Validating,User_113,Application_83337214,A_Validating
A_Pending,User_87,Application_83337214,A_Pending
SubmitApplication,User_5,Application_131619654,A_Create Application,25000.0,Caravan / Camper
A_Concept,User_5,Application_131619654,A_Concept
A_Accepted,User_5,Application_131619654,A_Accepted
A_Complete,User_5,Application_131619654,A_Complete
A_Validating,User_114,Application_131619654,A_Validating
A_Incomplete,User_102,Application_131619654,A_Incomplete
A_Validating,User_41,Application_131619654,A_Validating
A_Pending,User_113,Application_131619654,A_Pending
SubmitApplication,User_25,Application_314744124,A_Create Application,30000.0,Existing loan takeover
A_Concept,User_25,Application_314744124,A_Concept
A_Accepted,User_44,Application_314744124,A_Accepted
A_Complete,User_44,Application_314744124,A_Complete
A_Validating,User_120,Application_314744124,A_Validating
A_Incomplete,User_87,Application_314744124,A_Incomplete
A_Validating,User_116,Application_314744124,A_Validating
A_Incomplete,User_87,Application_314744124,A_Incomplete
A_Validating,User_112,Application_314744124,A_Validating
A_Pending,User_87,Application_314744124,A_Pending
SubmitApplication,User_1,Application_1434477082,A_Create Application,20000.0,Home improvement
SubmitApplication,User_1,Application_1434477082,A_Submitted,20000.0,Home improvement
A_Concept,User_4,Application_1434477082,A_Concept
A_Accepted,User_4,Application_1434477082,A_Accepted
A_Complete,User_4,Application_1434477082,A_Complete
A_Validating,User_113,Application_1434477082,A_Validating
A_Denied,User_99,Application_1434477082,A_Denied
SubmitApplication,User_1,Application_899505410,A_Create Application,5000.0,Existing loan takeover
SubmitApplication,User_1,Application_899505410,A_Submitted,5000.0,Existing loan takeover
A_Concept,User_2,Application_899505410,A_Concept
A_Accepted,User_35,Application_899505410,A_Accepted
A_Complete,User_35,Application_899505410,A_Complete
A_Validating,User_118,Application_899505410,A_Validating
A_Incomplete,User_100,Application_899505410,A_Incomplete
A_Validating,User_125,Application_899505410,A_Validating
A_Pending,User_102,Application_899505410,A_Pending
SubmitApplication,User_1,Application_718267424,A_Create Application,15000.0,Car
SubmitApplication,User_1,Application_718267424,A_Submitted,15000.0,Car
A_Concept,User_18,Application_718267424,A_Concept
A_Accepted,User_31,Application_718267424,A_Accepted
A_Complete,User_31,Application_718267424,A_Complete
A_Validating,User_113,Application_718267424,A_Validating
A_Incomplete,User_100,Application_718267424,A_Incomplete
A_Validating,User_119,Application_718267424,A_Validating
A_Pending,User_115,Application_718267424,A_Pending
SubmitApplication,User_10,Application_1739261375,A_Create Application,10000.0,Car
A_Concept,User_10,Application_1739261375,A_Concept
A_Accepted,User_10,Application_1739261375,A_Accepted
A_Complete,User_10,Application_1739261375,A_Complete
A_Validating,User_117,Application_1739261375,A_Validating
A_Incomplete,User_87,Application_1739261375,A_Incomplete
A_Validating,User_119,Application_1739261375,A_Validating
A_Pending,User_87,Application_1739261375,A_Pending
SubmitApplication,User_1,Application_83876660,A_Create Application,19500.0,"Other, see explanation"
SubmitApplication,User_1,Application_83876660,A_Submitted,19500.0,"Other, see explanation"
A_Concept,User_2,Application_83876660,A_Concept
A_Accepted,User_24,Application_83876660,A_Accepted
A_Complete,User_24,Application_83876660,A_Complete
A_Validating,User_120,Application_83876660,A_Validating
A_Incomplete,User_30,Application_83876660,A_Incomplete
A_Validating,User_120,Application_83876660,A_Validating
A_Incomplete,User_30,Application_83876660,A_Incomplete
A_Validating,User_119,Application_83876660,A_Validating
A_Pending,User_30,Application_83876660,A_Pending
SubmitApplication,User_27,Application_399746819,A_Create Application,15000.0,Home improvement
A_Concept,User_27,Application_399746819,A_Concept
A_Accepted,User_27,Application_399746819,A_Accepted
A_Complete,User_27,Application_399746819,A_Complete
A_Validating,User_119,Application_399746819,A_Validating
A_Incomplete,User_68,Application_399746819,A_Incomplete
A_Validating,User_35,Application_399746819,A_Validating
A_Pending,User_118,Application_399746819,A_Pending
SubmitApplication,User_44,Application_529938699,A_Create Application,0.0,Unknown
A_Concept,User_44,Application_529938699,A_Concept
A_Accepted,User_38,Application_529938699,A_Accepted
A_Complete,User_38,Application_529938699,A_Complete
A_Cancelled,User_1,Application_529938699,A_Cancelled
SubmitApplication,User_8,Application_822422484,A_Create Application,25000.0,Home improvement
A_Concept,User_8,Application_822422484,A_Concept
A_Accepted,User_8,Application_822422484,A_Accepted
A_Complete,User_24,Application_822422484,A_Complete
A_Validating,User_112,Application_822422484,A_Validating
A_Pending,User_29,Application_822422484,A_Pending
SubmitApplication,User_44,Application_1185170675,A_Create Application,10000.0,Car
A_Concept,User_44,Application_1185170675,A_Concept
A_Accepted,User_44,Application_1185170675,A_Accepted
A_Complete,User_44,Application_1185170675,A_Complete
A_Cancelled,User_1,Application_1185170675,A_Cancelled
SubmitApplication,User_75,Application_1812038441,A_Create Application,0.0,Unknown
A_Concept,User_75,Application_1812038441,A_Concept
A_Accepted,User_75,Application_1812038441,A_Accepted
A_Complete,User_75,Application_1812038441,A_Complete
A_Validating,User_75,Application_1812038441,A_Validating
A_Incomplete,User_75,Application_1812038441,A_Incomplete
A_Validating,User_116,Application_1812038441,A_Validating
A_Pending,User_75,Application_1812038441,A_Pending
SubmitApplication,User_10,Application_1283463965,A_Create Application,29000.0,Existing loan takeover
A_Concept,User_10,Application_1283463965,A_Concept
A_Accepted,User_10,Application_1283463965,A_Accepted
A_Complete,User_10,Application_1283463965,A_Complete
A_Validating,User_113,Application_1283463965,A_Validating
A_Incomplete,User_29,Application_1283463965,A_Incomplete
A_Validating,User_120,Application_1283463965,A_Validating
A_Pending,User_29,Application_1283463965,A_Pending
SubmitApplication,User_71,Application_891389450,A_Create Application,30000.0,Unknown
A_Concept,User_71,Application_891389450,A_Concept
A_Accepted,User_71,Application_891389450,A_Accepted
A_Complete,User_4,Application_891389450,A_Complete
A_Validating,User_113,Application_891389450,A_Validating
A_Incomplete,User_95,Application_891389450,A_Incomplete
A_Validating,User_41,Application_891389450,A_Validating
A_Incomplete,User_95,Application_891389450,A_Incomplete
A_Validating,User_119,Application_891389450,A_Validating
A_Pending,User_95,Application_891389450,A_Pending
SubmitApplication,User_6,Application_1351256522,A_Create Application,17000.0,Car
A_Concept,User_6,Application_1351256522,A_Concept
A_Accepted,User_10,Application_1351256522,A_Accepted
A_Complete,User_10,Application_1351256522,A_Complete
A_Cancelled,User_1,Application_1351256522,A_Cancelled
SubmitApplication,User_1,Application_2071622465,A_Create Application,8000.0,Home improvement
SubmitApplication,User_1,Application_2071622465,A_Submitted,8000.0,Home improvement
A_Concept,User_2,Application_2071622465,A_Concept
A_Accepted,User_19,Application_2071622465,A_Accepted
A_Complete,User_19,Application_2071622465,A_Complete
A_Validating,User_117,Application_2071622465,A_Validating
A_Incomplete,User_30,Application_2071622465,A_Incomplete
A_Validating,User_119,Application_2071622465,A_Validating
A_Pending,User_30,Application_2071622465,A_Pending
SubmitApplication,User_1,Application_128641394,A_Create Application,35000.0,"Other, see explanation"
SubmitApplication,User_1,Application_128641394,A_Submitted,35000.0,"Other, see explanation"
A_Concept,User_1,Application_128641394,A_Concept
A_Accepted,User_31,Application_128641394,A_Accepted
A_Complete,User_31,Application_128641394,A_Complete
A_Validating,User_114,Application_128641394,A_Validating
A_Pending,User_30,Application_128641394,A_Pending
SubmitApplication,User_1,Application_1210637698,A_Create Application,40000.0,Home improvement
SubmitApplication,User_1,Application_1210637698,A_Submitted,40000.0,Home improvement
A_Concept,User_1,Application_1210637698,A_Concept
A_Accepted,User_12,Application_1210637698,A_Accepted
A_Complete,User_12,Application_1210637698,A_Complete
A_Cancelled,User_8,Application_1210637698,A_Cancelled
SubmitApplication,User_1,Application_1973046230,A_Create Application,20300.0,Car
SubmitApplication,User_1,Application_1973046230,A_Submitted,20300.0,Car
A_Concept,User_1,Application_1973046230,A_Concept
A_Accepted,User_44,Application_1973046230,A_Accepted
A_Complete,User_44,Application_1973046230,A_Complete
A_Validating,User_117,Application_1973046230,A_Validating
A_Denied,User_99,Application_1973046230,A_Denied
SubmitApplication,User_1,Application_629724157,A_Create Application,16000.0,Car
SubmitApplication,User_1,Application_629724157,A_Submitted,16000.0,Car
A_Concept,User_38,Application_629724157,A_Concept
A_Accepted,User_4,Application_629724157,A_Accepted
A_Complete,User_4,Application_629724157,A_Complete
A_Validating,User_116,Application_629724157,A_Validating
A_Incomplete,User_99,Application_629724157,A_Incomplete
A_Pending,User_114,Application_629724157,A_Pending
SubmitApplication,User_28,Application_1257233322,A_Create Application,0.0,Car
A_Concept,User_28,Application_1257233322,A_Concept
A_Accepted,User_28,Application_1257233322,A_Accepted
A_Complete,User_28,Application_1257233322,A_Complete
A_Validating,User_117,Application_1257233322,A_Validating
A_Incomplete,User_100,Application_1257233322,A_Incomplete
A_Validating,User_13,Application_1257233322,A_Validating
A_Pending,User_119,Application_1257233322,A_Pending
SubmitApplication,User_1,Application_1246596843,A_Create Application,21000.0,Existing loan takeover
SubmitApplication,User_1,Application_1246596843,A_Submitted,21000.0,Existing loan takeover
A_Concept,User_1,Application_1246596843,A_Concept
A_Accepted,User_3,Application_1246596843,A_Accepted
A_Complete,User_3,Application_1246596843,A_Complete
A_Validating,User_113,Application_1246596843,A_Validating
A_Denied,User_30,Application_1246596843,A_Denied
SubmitApplication,User_44,Application_1427678905,A_Create Application,10000.0,"Other, see explanation"
A_Concept,User_44,Application_1427678905,A_Concept
A_Accepted,User_44,Application_1427678905,A_Accepted
A_Complete,User_44,Application_1427678905,A_Complete
A_Validating,User_116,Application_1427678905,A_Validating
A_Incomplete,User_100,Application_1427678905,A_Incomplete
A_Validating,User_116,Application_1427678905,A_Validating
A_Incomplete,User_115,Application_1427678905,A_Incomplete
A_Pending,User_119,Application_1427678905,A_Pending
SubmitApplication,User_1,Application_2143427516,A_Create Application,5000.0,Car
SubmitApplication,User_1,Application_2143427516,A_Submitted,5000.0,Car
A_Concept,User_1,Application_2143427516,A_Concept
A_Accepted,User_27,Application_2143427516,A_Accepted
A_Complete,User_27,Application_2143427516,A_Complete
A_Validating,User_116,Application_2143427516,A_Validating
A_Incomplete,User_87,Application_2143427516,A_Incomplete
A_Validating,User_35,Application_2143427516,A_Validating
A_Pending,User_87,Application_2143427516,A_Pending
SubmitApplication,User_38,Application_633186442,A_Create Application,27450.0,Car
A_Concept,User_38,Application_633186442,A_Concept
A_Accepted,User_38,Application_633186442,A_Accepted
A_Complete,User_38,Application_633186442,A_Complete
A_Validating,User_113,Application_633186442,A_Validating
A_Incomplete,User_29,Application_633186442,A_Incomplete
A_Validating,User_119,Application_633186442,A_Validating
A_Incomplete,User_29,Application_633186442,A_Incomplete
A_Validating,User_34,Application_633186442,A_Validating
A_Pending,User_119,Application_633186442,A_Pending
SubmitApplication,User_1,Application_1425009896,A_Create Application,25000.0,Car
SubmitApplication,User_1,Application_1425009896,A_Submitted,25000.0,Car
A_Concept,User_1,Application_1425009896,A_Concept
A_Accepted,User_35,Application_1425009896,A_Accepted
A_Complete,User_35,Application_1425009896,A_Complete
A_Validating,User_116,Application_1425009896,A_Validating
A_Pending,User_99,Application_1425009896,A_Pending
SubmitApplication,User_1,Application_1930081074,A_Create Application,5000.0,Tax payments
SubmitApplication,User_1,Application_1930081074,A_Submitted,5000.0,Tax payments
A_Concept,User_1,Application_1930081074,A_Concept
A_Accepted,User_10,Application_1930081074,A_Accepted
A_Complete,User_10,Application_1930081074,A_Complete
A_Validating,User_117,Application_1930081074,A_Validating
A_Incomplete,User_101,Application_1930081074,A_Incomplete
A_Pending,User_90,Application_1930081074,A_Pending
SubmitApplication,User_1,Application_426911073,A_Create Application,5000.0,Home improvement
SubmitApplication,User_1,Application_426911073,A_Submitted,5000.0,Home improvement
A_Concept,User_10,Application_426911073,A_Concept
A_Accepted,User_22,Application_426911073,A_Accepted
A_Complete,User_22,Application_426911073,A_Complete
A_Validating,User_112,Application_426911073,A_Validating
A_Incomplete,User_29,Application_426911073,A_Incomplete
A_Validating,User_116,Application_426911073,A_Validating
A_Incomplete,User_29,Application_426911073,A_Incomplete
A_Validating,User_118,Application_426911073,A_Validating
A_Pending,User_29,Application_426911073,A_Pending
SubmitApplication,User_1,Application_1989400270,A_Create Application,10000.0,Car
SubmitApplication,User_1,Application_1989400270,A_Submitted,10000.0,Car
A_Concept,User_1,Application_1989400270,A_Concept
A_Accepted,User_12,Application_1989400270,A_Accepted
A_Complete,User_12,Application_1989400270,A_Complete
A_Cancelled,User_1,Application_1989400270,A_Cancelled
SubmitApplication,User_1,Application_501818365,A_Create Application,30000.0,Existing loan takeover
SubmitApplication,User_1,Application_501818365,A_Submitted,30000.0,Existing loan takeover
A_Concept,User_2,Application_501818365,A_Concept
A_Accepted,User_15,Application_501818365,A_Accepted
A_Complete,User_15,Application_501818365,A_Complete
A_Validating,User_113,Application_501818365,A_Validating
A_Incomplete,User_29,Application_501818365,A_Incomplete
A_Validating,User_119,Application_501818365,A_Validating
A_Incomplete,User_29,Application_501818365,A_Incomplete
A_Pending,User_113,Application_501818365,A_Pending
SubmitApplication,User_1,Application_1963292434,A_Create Application,17500.0,Car
SubmitApplication,User_1,Application_1963292434,A_Submitted,17500.0,Car
A_Concept,User_1,Application_1963292434,A_Concept
A_Accepted,User_27,Application_1963292434,A_Accepted
A_Complete,User_27,Application_1963292434,A_Complete
A_Validating,User_118,Application_1963292434,A_Validating
A_Incomplete,User_102,Application_1963292434,A_Incomplete
A_Validating,User_44,Application_1963292434,A_Validating
A_Incomplete,User_68,Application_1963292434,A_Incomplete
A_Pending,User_119,Application_1963292434,A_Pending
SubmitApplication,User_1,Application_1015357327,A_Create Application,8000.0,Car
SubmitApplication,User_1,Application_1015357327,A_Submitted,8000.0,Car
A_Concept,User_1,Application_1015357327,A_Concept
A_Accepted,User_10,Application_1015357327,A_Accepted
A_Complete,User_10,Application_1015357327,A_Complete
A_Validating,User_119,Application_1015357327,A_Validating
A_Pending,User_115,Application_1015357327,A_Pending
SubmitApplication,User_1,Application_275430191,A_Create Application,16000.0,Existing loan takeover
SubmitApplication,User_1,Application_275430191,A_Submitted,16000.0,Existing loan takeover
A_Concept,User_1,Application_275430191,A_Concept
A_Accepted,User_25,Application_275430191,A_Accepted
A_Complete,User_25,Application_275430191,A_Complete
A_Validating,User_118,Application_275430191,A_Validating
A_Incomplete,User_68,Application_275430191,A_Incomplete
A_Validating,User_68,Application_275430191,A_Validating
A_Incomplete,User_68,Application_275430191,A_Incomplete
A_Pending,User_68,Application_275430191,A_Pending
SubmitApplication,User_1,Application_381680406,A_Create Application,13000.0,Car
SubmitApplication,User_1,Application_381680406,A_Submitted,13000.0,Car
A_Concept,User_1,Application_381680406,A_Concept
A_Accepted,User_25,Application_381680406,A_Accepted
A_Complete,User_25,Application_381680406,A_Complete
A_Validating,User_117,Application_381680406,A_Validating
A_Incomplete,User_99,Application_381680406,A_Incomplete
A_Validating,User_118,Application_381680406,A_Validating
A_Pending,User_75,Application_381680406,A_Pending
SubmitApplication,User_1,Application_1697094390,A_Create Application,10000.0,Caravan / Camper
SubmitApplication,User_1,Application_1697094390,A_Submitted,10000.0,Caravan / Camper
A_Concept,User_1,Application_1697094390,A_Concept
A_Accepted,User_14,Application_1697094390,A_Accepted
A_Complete,User_14,Application_1697094390,A_Complete
A_Validating,User_112,Application_1697094390,A_Validating
A_Pending,User_115,Application_1697094390,A_Pending
SubmitApplication,User_1,Application_1250493532,A_Create Application,25000.0,Existing loan takeover
SubmitApplication,User_1,Application_1250493532,A_Submitted,25000.0,Existing loan takeover
A_Concept,User_1,Application_1250493532,A_Concept
A_Accepted,User_17,Application_1250493532,A_Accepted
A_Complete,User_17,Application_1250493532,A_Complete
A_Validating,User_112,Application_1250493532,A_Validating
A_Incomplete,User_75,Application_1250493532,A_Incomplete
A_Validating,User_114,Application_1250493532,A_Validating
A_Incomplete,User_99,Application_1250493532,A_Incomplete
A_Cancelled,User_18,Application_1250493532,A_Cancelled
SubmitApplication,User_1,Application_1299976284,A_Create Application,5000.0,Car
SubmitApplication,User_1,Application_1299976284,A_Submitted,5000.0,Car
A_Concept,User_1,Application_1299976284,A_Concept
A_Accepted,User_52,Application_1299976284,A_Accepted
A_Denied,User_52,Application_1299976284,A_Denied
SubmitApplication,User_1,Application_1746503349,A_Create Application,27500.0,Remaining debt home
SubmitApplication,User_1,Application_1746503349,A_Submitted,27500.0,Remaining debt home
A_Concept,User_1,Application_1746503349,A_Concept
A_Accepted,User_15,Application_1746503349,A_Accepted
A_Complete,User_15,Application_1746503349,A_Complete
A_Validating,User_119,Application_1746503349,A_Validating
A_Incomplete,User_99,Application_1746503349,A_Incomplete
A_Validating,User_118,Application_1746503349,A_Validating
A_Pending,User_99,Application_1746503349,A_Pending
SubmitApplication,User_1,Application_1121433929,A_Create Application,5000.0,Car
SubmitApplication,User_1,Application_1121433929,A_Submitted,5000.0,Car
A_Concept,User_1,Application_1121433929,A_Concept
A_Accepted,User_12,Application_1121433929,A_Accepted
A_Complete,User_12,Application_1121433929,A_Complete
A_Validating,User_119,Application_1121433929,A_Validating
A_Incomplete,User_115,Application_1121433929,A_Incomplete
A_Validating,User_112,Application_1121433929,A_Validating
A_Incomplete,User_115,Application_1121433929,A_Incomplete
A_Pending,User_119,Application_1121433929,A_Pending
SubmitApplication,User_1,Application_559113386,A_Create Application,10000.0,Car
SubmitApplication,User_1,Application_559113386,A_Submitted,10000.0,Car
A_Concept,User_1,Application_559113386,A_Concept
A_Accepted,User_28,Application_559113386,A_Accepted
A_Complete,User_28,Application_559113386,A_Complete
A_Validating,User_119,Application_559113386,A_Validating
A_Pending,User_90,Application_559113386,A_Pending
SubmitApplication,User_1,Application_1334307261,A_Create Application,5000.0,Home improvement
SubmitApplication,User_1,Application_1334307261,A_Submitted,5000.0,Home improvement
A_Concept,User_1,Application_1334307261,A_Concept
A_Accepted,User_7,Application_1334307261,A_Accepted
A_Complete,User_7,Application_1334307261,A_Complete
A_Validating,User_118,Application_1334307261,A_Validating
A_Pending,User_115,Application_1334307261,A_Pending
SubmitApplication,User_10,Application_515209816,A_Create Application,7000.0,Boat
A_Concept,User_10,Application_515209816,A_Concept
A_Accepted,User_71,Application_515209816,A_Accepted
A_Complete,User_71,Application_515209816,A_Complete
A_Validating,User_116,Application_515209816,A_Validating
A_Pending,User_115,Application_515209816,A_Pending
SubmitApplication,User_43,Application_519973903,A_Create Application,25000.0,Home improvement
A_Concept,User_43,Application_519973903,A_Concept
A_Accepted,User_43,Application_519973903,A_Accepted
A_Complete,User_43,Application_519973903,A_Complete
A_Validating,User_112,Application_519973903,A_Validating
A_Denied,User_90,Application_519973903,A_Denied
SubmitApplication,User_24,Application_877723240,A_Create Application,29000.0,Remaining debt home
A_Concept,User_24,Application_877723240,A_Concept
A_Accepted,User_24,Application_877723240,A_Accepted
A_Complete,User_24,Application_877723240,A_Complete
A_Validating,User_119,Application_877723240,A_Validating
A_Incomplete,User_29,Application_877723240,A_Incomplete
A_Validating,User_116,Application_877723240,A_Validating
A_Incomplete,User_29,Application_877723240,A_Incomplete
A_Validating,User_113,Application_877723240,A_Validating
A_Incomplete,User_29,Application_877723240,A_Incomplete
A_Validating,User_24,Application_877723240,A_Validating
A_Pending,User_113,Application_877723240,A_Pending
SubmitApplication,User_1,Application_1251233599,A_Create Application,30000.0,"Other, see explanation"
SubmitApplication,User_1,Application_1251233599,A_Submitted,30000.0,"Other, see explanation"
A_Concept,User_1,Application_1251233599,A_Concept
A_Accepted,User_85,Application_1251233599,A_Accepted
A_Complete,User_108,Application_1251233599,A_Complete
A_Validating,User_119,Application_1251233599,A_Validating
A_Incomplete,User_95,Application_1251233599,A_Incomplete
A_Validating,User_114,Application_1251233599,A_Validating
A_Pending,User_95,Application_1251233599,A_Pending
SubmitApplication,User_12,Application_61478633,A_Create Application,7500.0,Existing loan takeover
A_Concept,User_12,Application_61478633,A_Concept
A_Accepted,User_12,Application_61478633,A_Accepted
A_Complete,User_12,Application_61478633,A_Complete
A_Validating,User_117,Application_61478633,A_Validating
A_Incomplete,User_30,Application_61478633,A_Incomplete
A_Validating,User_114,Application_61478633,A_Validating
A_Incomplete,User_30,Application_61478633,A_Incomplete
A_Validating,User_117,Application_61478633,A_Validating
A_Pending,User_30,Application_61478633,A_Pending
SubmitApplication,User_1,Application_1518753356,A_Create Application,5000.0,Car
SubmitApplication,User_1,Application_1518753356,A_Submitted,5000.0,Car
A_Concept,User_1,Application_1518753356,A_Concept
A_Accepted,User_28,Application_1518753356,A_Accepted
A_Complete,User_28,Application_1518753356,A_Complete
A_Validating,User_118,Application_1518753356,A_Validating
A_Pending,User_29,Application_1518753356,A_Pending
SubmitApplication,User_12,Application_1966727878,A_Create Application,15000.0,Existing loan takeover
A_Concept,User_12,Application_1966727878,A_Concept
A_Accepted,User_12,Application_1966727878,A_Accepted
A_Complete,User_12,Application_1966727878,A_Complete
A_Validating,User_117,Application_1966727878,A_Validating
A_Pending,User_115,Application_1966727878,A_Pending
SubmitApplication,User_1,Application_1616410992,A_Create Application,10000.0,Home improvement
SubmitApplication,User_1,Application_1616410992,A_Submitted,10000.0,Home improvement
A_Concept,User_1,Application_1616410992,A_Concept
A_Accepted,User_27,Application_1616410992,A_Accepted
A_Complete,User_27,Application_1616410992,A_Complete
A_Cancelled,User_1,Application_1616410992,A_Cancelled
SubmitApplication,User_4,Application_909739848,A_Create Application,0.0,Car
A_Concept,User_4,Application_909739848,A_Concept
A_Accepted,User_4,Application_909739848,A_Accepted
A_Complete,User_4,Application_909739848,A_Complete
A_Validating,User_117,Application_909739848,A_Validating
A_Incomplete,User_100,Application_909739848,A_Incomplete
A_Validating,User_116,Application_909739848,A_Validating
A_Pending,User_115,Application_909739848,A_Pending
SubmitApplication,User_38,Application_1830688036,A_Create Application,18000.0,Car
A_Concept,User_38,Application_1830688036,A_Concept
A_Accepted,User_38,Application_1830688036,A_Accepted
A_Complete,User_38,Application_1830688036,A_Complete
A_Validating,User_114,Application_1830688036,A_Validating
A_Incomplete,User_101,Application_1830688036,A_Incomplete
A_Validating,User_5,Application_1830688036,A_Validating
A_Pending,User_119,Application_1830688036,A_Pending
SubmitApplication,User_1,Application_189085643,A_Create Application,15000.0,Car
SubmitApplication,User_1,Application_189085643,A_Submitted,15000.0,Car
A_Concept,User_1,Application_189085643,A_Concept
A_Accepted,User_15,Application_189085643,A_Accepted
A_Complete,User_15,Application_189085643,A_Complete
A_Validating,User_120,Application_189085643,A_Validating
A_Incomplete,User_101,Application_189085643,A_Incomplete
A_Validating,User_113,Application_189085643,A_Validating
A_Pending,User_90,Application_189085643,A_Pending
SubmitApplication,User_12,Application_389951798,A_Create Application,5000.0,Car
A_Concept,User_12,Application_389951798,A_Concept
A_Accepted,User_12,Application_389951798,A_Accepted
A_Complete,User_12,Application_389951798,A_Complete
A_Validating,User_116,Application_389951798,A_Validating
A_Incomplete,User_100,Application_389951798,A_Incomplete
A_Pending,User_113,Application_389951798,A_Pending
SubmitApplication,User_1,Application_684696906,A_Create Application,15000.0,Car
SubmitApplication,User_1,Application_684696906,A_Submitted,15000.0,Car
A_Concept,User_1,Application_684696906,A_Concept
A_Accepted,User_4,Application_684696906,A_Accepted
A_Complete,User_4,Application_684696906,A_Complete
A_Cancelled,User_1,Application_684696906,A_Cancelled
SubmitApplication,User_1,Application_714015178,A_Create Application,7500.0,Existing loan takeover
SubmitApplication,User_1,Application_714015178,A_Submitted,7500.0,Existing loan takeover
A_Concept,User_1,Application_714015178,A_Concept
A_Accepted,User_52,Application_714015178,A_Accepted
A_Complete,User_52,Application_714015178,A_Complete
A_Cancelled,User_1,Application_714015178,A_Cancelled
SubmitApplication,User_1,Application_1021758905,A_Create Application,20000.0,Existing loan takeover
SubmitApplication,User_1,Application_1021758905,A_Submitted,20000.0,Existing loan takeover
A_Concept,User_1,Application_1021758905,A_Concept
A_Accepted,User_22,Application_1021758905,A_Accepted
A_Complete,User_22,Application_1021758905,A_Complete
A_Validating,User_112,Application_1021758905,A_Validating
A_Incomplete,User_90,Application_1021758905,A_Incomplete
A_Validating,User_31,Application_1021758905,A_Validating
A_Pending,User_29,Application_1021758905,A_Pending
SubmitApplication,User_1,Application_413286327,A_Create Application,25000.0,Car
SubmitApplication,User_1,Application_413286327,A_Submitted,25000.0,Car
A_Concept,User_1,Application_413286327,A_Concept
A_Accepted,User_31,Application_413286327,A_Accepted
A_Complete,User_31,Application_413286327,A_Complete
A_Validating,User_113,Application_413286327,A_Validating
A_Incomplete,User_99,Application_413286327,A_Incomplete
A_Pending,User_118,Application_413286327,A_Pending
SubmitApplication,User_1,Application_870009989,A_Create Application,5000.0,Existing loan takeover
SubmitApplication,User_1,Application_870009989,A_Submitted,5000.0,Existing loan takeover
A_Concept,User_1,Application_870009989,A_Concept
A_Accepted,User_47,Application_870009989,A_Accepted
A_Complete,User_47,Application_870009989,A_Complete
A_Validating,User_114,Application_870009989,A_Validating
A_Incomplete,User_101,Application_870009989,A_Incomplete
A_Validating,User_114,Application_870009989,A_Validating
A_Pending,User_115,Application_870009989,A_Pending
SubmitApplication,User_1,Application_1955133403,A_Create Application,5000.0,Home improvement
SubmitApplication,User_1,Application_1955133403,A_Submitted,5000.0,Home improvement
A_Concept,User_1,Application_1955133403,A_Concept
A_Accepted,User_10,Application_1955133403,A_Accepted
A_Complete,User_10,Application_1955133403,A_Complete
A_Validating,User_113,Application_1955133403,A_Validating
A_Incomplete,User_101,Application_1955133403,A_Incomplete
A_Validating,User_114,Application_1955133403,A_Validating
A_Incomplete,User_101,Application_1955133403,A_Incomplete
A_Pending,User_116,Application_1955133403,A_Pending
SubmitApplication,User_27,Application_238073987,A_Create Application,7100.0,Existing loan takeover
A_Concept,User_27,Application_238073987,A_Concept
A_Accepted,User_27,Application_238073987,A_Accepted
A_Complete,User_27,Application_238073987,A_Complete
A_Cancelled,User_1,Application_238073987,A_Cancelled
SubmitApplication,User_10,Application_1106513315,A_Create Application,5900.0,"Other, see explanation"
A_Concept,User_10,Application_1106513315,A_Concept
A_Accepted,User_10,Application_1106513315,A_Accepted
A_Complete,User_11,Application_1106513315,A_Complete
A_Validating,User_114,Application_1106513315,A_Validating
A_Incomplete,User_100,Application_1106513315,A_Incomplete
A_Validating,User_116,Application_1106513315,A_Validating
A_Incomplete,User_100,Application_1106513315,A_Incomplete
A_Validating,User_114,Application_1106513315,A_Validating
A_Pending,User_90,Application_1106513315,A_Pending
SubmitApplication,User_1,Application_1596259876,A_Create Application,5000.0,Extra spending limit
SubmitApplication,User_1,Application_1596259876,A_Submitted,5000.0,Extra spending limit
A_Concept,User_1,Application_1596259876,A_Concept
A_Accepted,User_7,Application_1596259876,A_Accepted
A_Complete,User_7,Application_1596259876,A_Complete
A_Validating,User_112,Application_1596259876,A_Validating
A_Incomplete,User_99,Application_1596259876,A_Incomplete
A_Validating,User_116,Application_1596259876,A_Validating
A_Pending,User_99,Application_1596259876,A_Pending
SubmitApplication,User_4,Application_92091920,A_Create Application,0.0,Home improvement
A_Concept,User_4,Application_92091920,A_Concept
A_Accepted,User_4,Application_92091920,A_Accepted
A_Complete,User_4,Application_92091920,A_Complete
A_Validating,User_118,Application_92091920,A_Validating
A_Incomplete,User_87,Application_92091920,A_Incomplete
A_Validating,User_116,Application_92091920,A_Validating
A_Pending,User_87,Application_92091920,A_Pending
SubmitApplication,User_1,Application_587745142,A_Create Application,25000.0,Home improvement
SubmitApplication,User_1,Application_587745142,A_Submitted,25000.0,Home improvement
A_Concept,User_1,Application_587745142,A_Concept
A_Accepted,User_27,Application_587745142,A_Accepted
A_Complete,User_27,Application_587745142,A_Complete
A_Validating,User_117,Application_587745142,A_Validating
A_Incomplete,User_101,Application_587745142,A_Incomplete
A_Pending,User_90,Application_587745142,A_Pending
SubmitApplication,User_52,Application_801698526,A_Create Application,22000.0,"Other, see explanation"
A_Concept,User_52,Application_801698526,A_Concept
A_Accepted,User_15,Application_801698526,A_Accepted
A_Complete,User_15,Application_801698526,A_Complete
A_Validating,User_119,Application_801698526,A_Validating
A_Incomplete,User_100,Application_801698526,A_Incomplete
A_Validating,User_118,Application_801698526,A_Validating
A_Pending,User_118,Application_801698526,A_Pending
SubmitApplication,User_52,Application_1465521095,A_Create Application,15000.0,Home improvement
A_Concept,User_52,Application_1465521095,A_Concept
A_Accepted,User_71,Application_1465521095,A_Accepted
A_Complete,User_71,Application_1465521095,A_Complete
A_Validating,User_119,Application_1465521095,A_Validating
A_Pending,User_95,Application_1465521095,A_Pending
SubmitApplication,User_1,Application_1038917262,A_Create Application,18000.0,Car
SubmitApplication,User_1,Application_1038917262,A_Submitted,18000.0,Car
A_Concept,User_1,Application_1038917262,A_Concept
A_Accepted,User_5,Application_1038917262,A_Accepted
A_Complete,User_5,Application_1038917262,A_Complete
A_Cancelled,User_9,Application_1038917262,A_Cancelled
SubmitApplication,User_1,Application_237339437,A_Create Application,25000.0,Car
SubmitApplication,User_1,Application_237339437,A_Submitted,25000.0,Car
A_Concept,User_1,Application_237339437,A_Concept
A_Accepted,User_27,Application_237339437,A_Accepted
A_Complete,User_27,Application_237339437,A_Complete
A_Validating,User_119,Application_237339437,A_Validating
A_Incomplete,User_30,Application_237339437,A_Incomplete
A_Pending,User_114,Application_237339437,A_Pending
SubmitApplication,User_1,Application_1793939874,A_Create Application,5000.0,Car
SubmitApplication,User_1,Application_1793939874,A_Submitted,5000.0,Car
A_Concept,User_1,Application_1793939874,A_Concept
A_Accepted,User_3,Application_1793939874,A_Accepted
A_Complete,User_3,Application_1793939874,A_Complete
A_Cancelled,User_1,Application_1793939874,A_Cancelled
SubmitApplication,User_1,Application_1162039868,A_Create Application,15000.0,"Other, see explanation"
SubmitApplication,User_1,Application_1162039868,A_Submitted,15000.0,"Other, see explanation"
A_Concept,User_14,Application_1162039868,A_Concept
A_Accepted,User_37,Application_1162039868,A_Accepted
A_Complete,User_37,Application_1162039868,A_Complete
A_Cancelled,User_1,Application_1162039868,A_Cancelled
